Trento Centro;[1] Uscita casello;1;2022-12-30 23:30:00.000
Trento Centro;[1] Uscita casello;2;2022-12-30 22:00:00.000
Trento Centro;[1] Uscita casello;1;2022-12-30 21:25:00.000
Trento Centro;[1] Uscita casello;1;2022-12-30 20:55:00.000
Trento Centro;[1] Uscita casello;1;2022-12-30 20:15:00.000
Trento Centro;[1] Uscita casello;1;2022-12-30 19:30:00.000
Trento Centro;[1] Uscita casello;1;2022-12-30 19:25:00.000
Trento Centro;[1] Uscita casello;1;2022-12-30 19:05:00.000
Trento Centro;[1] Uscita casello;2;2022-12-30 19:00:00.000
Trento Centro;[1] Uscita casello;1;2022-12-30 18:10:00.000
Trento Centro;[1] Uscita casello;3;2022-12-30 18:05:00.000
Trento Centro;[1] Uscita casello;1;2022-12-30 17:30:00.000
Trento Centro;[1] Uscita casello;1;2022-12-30 17:10:00.000
Trento Centro;[1] Uscita casello;1;2022-12-30 16:55:00.000
Trento Centro;[1] Uscita casello;3;2022-12-30 16:25:00.000
Trento Centro;[1] Uscita casello;1;2022-12-30 16:00:00.000
Trento Centro;[1] Uscita casello;1;2022-12-30 15:55:00.000
Trento Centro;[1] Uscita casello;1;2022-12-30 15:50:00.000
Trento Centro;[1] Uscita casello;1;2022-12-30 15:30:00.000
Trento Centro;[1] Uscita casello;1;2022-12-30 15:00:00.000
Trento Centro;[1] Uscita casello;1;2022-12-30 14:40:00.000
Trento Centro;[1] Uscita casello;2;2022-12-30 14:30:00.000
Trento Centro;[1] Uscita casello;1;2022-12-30 14:20:00.000
Trento Centro;[1] Uscita casello;2;2022-12-30 14:15:00.000
Trento Centro;[1] Uscita casello;1;2022-12-30 14:10:00.000
Trento Centro;[1] Uscita casello;1;2022-12-30 14:05:00.000
Trento Centro;[1] Uscita casello;2;2022-12-30 14:00:00.000
Trento Centro;[1] Uscita casello;2;2022-12-30 13:40:00.000
Trento Centro;[1] Uscita casello;1;2022-12-30 13:35:00.000
Trento Centro;[1] Uscita casello;2;2022-12-30 13:00:00.000
Trento Centro;[1] Uscita casello;1;2022-12-30 12:50:00.000
Trento Centro;[1] Uscita casello;1;2022-12-30 12:45:00.000
Trento Centro;[1] Uscita casello;1;2022-12-30 12:15:00.000
Trento Centro;[1] Uscita casello;1;2022-12-30 12:05:00.000
Trento Centro;[1] Uscita casello;2;2022-12-30 12:00:00.000
Trento Centro;[1] Uscita casello;1;2022-12-30 11:45:00.000
Trento Centro;[1] Uscita casello;1;2022-12-30 11:30:00.000
Trento Centro;[1] Uscita casello;1;2022-12-30 11:20:00.000
Trento Centro;[1] Uscita casello;3;2022-12-30 11:10:00.000
Trento Centro;[1] Uscita casello;1;2022-12-30 11:00:00.000
Trento Centro;[1] Uscita casello;1;2022-12-30 10:40:00.000
Trento Centro;[1] Uscita casello;1;2022-12-30 10:35:00.000
Trento Centro;[1] Uscita casello;1;2022-12-30 10:30:00.000
Trento Centro;[1] Uscita casello;2;2022-12-30 10:25:00.000
Trento Centro;[1] Uscita casello;1;2022-12-30 10:20:00.000
Trento Centro;[1] Uscita casello;1;2022-12-30 09:30:00.000
Trento Centro;[1] Uscita casello;1;2022-12-30 09:20:00.000
Trento Centro;[1] Uscita casello;1;2022-12-30 09:15:00.000
Trento Centro;[1] Uscita casello;1;2022-12-30 08:55:00.000
Trento Centro;[1] Uscita casello;1;2022-12-30 08:40:00.000
Trento Centro;[1] Uscita casello;1;2022-12-30 00:35:00.000
Trento Centro;[1] Uscita casello;1;2022-12-29 23:35:00.000
Trento Centro;[1] Uscita casello;1;2022-12-29 22:40:00.000
Trento Centro;[1] Uscita casello;1;2022-12-29 22:10:00.000
Trento Centro;[1] Uscita casello;1;2022-12-29 22:05:00.000
Trento Centro;[1] Uscita casello;1;2022-12-29 21:10:00.000
Trento Centro;[1] Uscita casello;1;2022-12-29 20:10:00.000
Trento Centro;[1] Uscita casello;1;2022-12-29 20:05:00.000
Trento Centro;[1] Uscita casello;3;2022-12-29 19:45:00.000
Trento Centro;[1] Uscita casello;2;2022-12-29 19:20:00.000
Trento Centro;[1] Uscita casello;1;2022-12-29 19:10:00.000
Trento Centro;[1] Uscita casello;2;2022-12-29 19:00:00.000
Trento Centro;[1] Uscita casello;1;2022-12-29 18:55:00.000
Trento Centro;[1] Uscita casello;1;2022-12-29 18:40:00.000
Trento Centro;[1] Uscita casello;2;2022-12-29 17:35:00.000
Trento Centro;[1] Uscita casello;1;2022-12-29 17:25:00.000
Trento Centro;[1] Uscita casello;2;2022-12-29 17:05:00.000
Trento Centro;[1] Uscita casello;1;2022-12-29 16:40:00.000
Trento Centro;[1] Uscita casello;1;2022-12-29 16:10:00.000
Trento Centro;[1] Uscita casello;1;2022-12-29 15:55:00.000
Trento Centro;[1] Uscita casello;1;2022-12-29 15:30:00.000
Trento Centro;[1] Uscita casello;1;2022-12-29 15:25:00.000
Trento Centro;[1] Uscita casello;1;2022-12-29 15:10:00.000
Trento Centro;[1] Uscita casello;1;2022-12-29 14:50:00.000
Trento Centro;[1] Uscita casello;1;2022-12-29 14:40:00.000
Trento Centro;[1] Uscita casello;2;2022-12-29 14:35:00.000
Trento Centro;[1] Uscita casello;1;2022-12-29 14:25:00.000
Trento Centro;[1] Uscita casello;1;2022-12-29 14:10:00.000
Trento Centro;[1] Uscita casello;1;2022-12-29 14:05:00.000
Trento Centro;[1] Uscita casello;2;2022-12-29 14:00:00.000
Trento Centro;[1] Uscita casello;2;2022-12-29 13:35:00.000
Trento Centro;[1] Uscita casello;2;2022-12-29 13:25:00.000
Trento Centro;[1] Uscita casello;1;2022-12-29 13:00:00.000
Trento Centro;[1] Uscita casello;1;2022-12-29 12:50:00.000
Trento Centro;[1] Uscita casello;5;2022-12-29 12:45:00.000
Trento Centro;[1] Uscita casello;1;2022-12-29 12:35:00.000
Trento Centro;[1] Uscita casello;1;2022-12-29 12:25:00.000
Trento Centro;[1] Uscita casello;1;2022-12-29 12:10:00.000
Trento Centro;[1] Uscita casello;1;2022-12-29 12:05:00.000
Trento Centro;[1] Uscita casello;1;2022-12-29 12:00:00.000
Trento Centro;[1] Uscita casello;2;2022-12-29 11:55:00.000
Trento Centro;[1] Uscita casello;1;2022-12-29 11:50:00.000
Trento Centro;[1] Uscita casello;1;2022-12-29 11:40:00.000
Trento Centro;[1] Uscita casello;1;2022-12-29 11:15:00.000
Trento Centro;[1] Uscita casello;1;2022-12-29 08:05:00.000
Trento Centro;[1] Uscita casello;1;2022-12-29 07:50:00.000
Trento Centro;[1] Uscita casello;1;2022-12-29 07:25:00.000
Trento Centro;[1] Uscita casello;1;2022-12-29 06:50:00.000
Trento Centro;[1] Uscita casello;2;2022-12-29 06:45:00.000
Trento Centro;[1] Uscita casello;1;2022-11-22 03:25:00.000
Trento Centro;[1] Uscita casello;1;2022-11-22 03:00:00.000
Trento Centro;[1] Uscita casello;1;2022-11-22 02:45:00.000
Trento Centro;[1] Uscita casello;2;2022-11-22 02:30:00.000
Trento Centro;[1] Uscita casello;2;2022-11-22 02:25:00.000
Trento Centro;[1] Uscita casello;1;2022-11-22 02:20:00.000
Trento Centro;[1] Uscita casello;1;2022-11-22 01:40:00.000
Trento Centro;[1] Uscita casello;2;2022-11-22 01:15:00.000
Trento Centro;[1] Uscita casello;1;2022-11-22 01:10:00.000
Trento Centro;[1] Uscita casello;1;2022-11-22 01:00:00.000
Trento Centro;[1] Uscita casello;1;2022-11-22 00:55:00.000
Trento Centro;[1] Uscita casello;1;2022-11-22 00:30:00.000
Trento Centro;[1] Uscita casello;1;2022-11-22 00:15:00.000
Trento Centro;[1] Uscita casello;1;2022-11-22 00:05:00.000
Trento Centro;[1] Uscita casello;1;2022-11-22 00:00:00.000
Trento Centro;[1] Uscita casello;1;2022-11-21 23:45:00.000
Trento Centro;[1] Uscita casello;1;2022-11-21 23:40:00.000
Trento Centro;[1] Uscita casello;1;2022-11-21 23:35:00.000
Trento Centro;[1] Uscita casello;1;2022-11-21 23:30:00.000
Trento Centro;[1] Uscita casello;1;2022-11-21 22:55:00.000
Trento Centro;[1] Uscita casello;1;2022-11-21 22:30:00.000
Trento Centro;[1] Uscita casello;1;2022-11-21 22:25:00.000
Trento Centro;[1] Uscita casello;2;2022-11-21 22:20:00.000
Trento Centro;[1] Uscita casello;4;2022-11-21 22:10:00.000
Trento Centro;[1] Uscita casello;2;2022-11-21 22:05:00.000
Trento Centro;[1] Uscita casello;1;2022-11-21 21:40:00.000
Trento Centro;[1] Uscita casello;3;2022-11-21 21:35:00.000
Trento Centro;[1] Uscita casello;1;2022-11-21 21:10:00.000
Trento Centro;[1] Uscita casello;1;2022-11-21 20:00:00.000
Trento Centro;[1] Uscita casello;1;2022-11-21 19:45:00.000
Trento Centro;[1] Uscita casello;1;2022-11-21 19:30:00.000
Trento Centro;[1] Uscita casello;2;2022-11-21 19:10:00.000
Trento Centro;[1] Uscita casello;1;2022-11-21 19:05:00.000
Trento Centro;[1] Uscita casello;3;2022-11-21 18:25:00.000
Trento Centro;[1] Uscita casello;2;2022-11-21 18:20:00.000
Trento Centro;[1] Uscita casello;1;2022-11-21 18:15:00.000
Trento Centro;[1] Uscita casello;3;2022-11-21 18:00:00.000
Trento Centro;[1] Uscita casello;1;2022-11-21 17:55:00.000
Trento Centro;[1] Uscita casello;1;2022-11-21 17:50:00.000
Trento Centro;[1] Uscita casello;3;2022-11-21 17:40:00.000
Trento Centro;[1] Uscita casello;1;2022-11-21 17:35:00.000
Trento Centro;[1] Uscita casello;3;2022-11-21 17:20:00.000
Trento Centro;[1] Uscita casello;3;2022-11-21 17:15:00.000
Trento Centro;[1] Uscita casello;2;2022-11-21 17:05:00.000
Trento Centro;[1] Uscita casello;4;2022-11-21 17:00:00.000
Trento Centro;[1] Uscita casello;1;2022-11-21 10:15:00.000
Trento Centro;[1] Uscita casello;1;2022-11-21 09:20:00.000
Trento Centro;[1] Uscita casello;1;2022-11-21 09:10:00.000
Trento Centro;[1] Uscita casello;2;2022-11-21 09:05:00.000
Trento Centro;[1] Uscita casello;1;2022-11-21 08:55:00.000
Trento Centro;[1] Uscita casello;2;2022-11-21 08:45:00.000
Trento Centro;[1] Uscita casello;1;2022-11-21 08:30:00.000
Trento Centro;[1] Uscita casello;1;2022-11-21 08:05:00.000
Trento Centro;[1] Uscita casello;1;2022-11-21 08:00:00.000
Trento Centro;[1] Uscita casello;2;2022-11-21 06:45:00.000
Trento Centro;[1] Uscita casello;1;2022-11-21 06:35:00.000
Trento Centro;[1] Uscita casello;2;2022-11-21 06:00:00.000
Trento Centro;[1] Uscita casello;2;2022-11-21 01:10:00.000
Trento Centro;[1] Uscita casello;1;2022-11-21 01:05:00.000
Trento Centro;[1] Uscita casello;2;2022-11-21 00:55:00.000
Trento Centro;[1] Uscita casello;1;2022-11-21 00:20:00.000
Trento Centro;[1] Uscita casello;1;2022-11-20 22:15:00.000
Trento Centro;[1] Uscita casello;1;2022-11-20 20:05:00.000
Trento Centro;[1] Uscita casello;1;2022-11-20 19:25:00.000
Trento Centro;[1] Uscita casello;1;2022-11-20 19:15:00.000
Trento Centro;[1] Uscita casello;1;2022-11-20 18:55:00.000
Trento Centro;[1] Uscita casello;1;2022-11-20 18:50:00.000
Trento Centro;[1] Uscita casello;2;2022-11-20 18:45:00.000
Trento Centro;[1] Uscita casello;1;2022-11-20 17:50:00.000
Trento Centro;[1] Uscita casello;1;2022-11-20 17:30:00.000
Trento Centro;[1] Uscita casello;1;2022-11-20 17:15:00.000
Trento Centro;[1] Uscita casello;1;2022-11-20 17:10:00.000
Trento Centro;[1] Uscita casello;2;2022-11-20 17:00:00.000
Trento Centro;[1] Uscita casello;2;2022-11-20 16:20:00.000
Trento Centro;[1] Uscita casello;2;2022-11-20 16:05:00.000
Trento Centro;[1] Uscita casello;1;2022-11-20 15:40:00.000
Trento Centro;[1] Uscita casello;1;2022-11-20 14:55:00.000
Trento Centro;[1] Uscita casello;3;2022-11-20 14:05:00.000
Trento Centro;[1] Uscita casello;2;2022-11-20 14:00:00.000
Trento Centro;[1] Uscita casello;1;2022-11-20 13:50:00.000
Trento Centro;[1] Uscita casello;1;2022-11-20 13:40:00.000
Trento Centro;[1] Uscita casello;2;2022-11-20 13:25:00.000
Trento Centro;[1] Uscita casello;1;2022-11-20 12:50:00.000
Trento Centro;[1] Uscita casello;1;2022-11-20 12:30:00.000
Trento Centro;[1] Uscita casello;1;2022-11-20 12:15:00.000
Trento Centro;[1] Uscita casello;1;2022-11-20 12:10:00.000
Trento Centro;[1] Uscita casello;1;2022-11-20 12:05:00.000
Trento Centro;[1] Uscita casello;1;2022-11-20 12:00:00.000
Trento Centro;[1] Uscita casello;1;2022-11-20 11:55:00.000
Trento Centro;[1] Uscita casello;2;2022-11-20 11:50:00.000
Trento Centro;[1] Uscita casello;1;2022-11-20 11:40:00.000
Trento Centro;[1] Uscita casello;1;2022-11-20 10:45:00.000
Trento Centro;[1] Uscita casello;1;2022-11-20 10:25:00.000
Trento Centro;[1] Uscita casello;2;2022-11-20 10:00:00.000
Trento Centro;[1] Uscita casello;1;2022-11-20 09:50:00.000
Trento Centro;[1] Uscita casello;2;2022-11-20 09:45:00.000
Trento Centro;[1] Uscita casello;1;2022-11-20 09:25:00.000
Trento Centro;[1] Uscita casello;1;2022-11-20 09:10:00.000
Trento Centro;[1] Uscita casello;1;2022-11-20 08:25:00.000
Trento Centro;[1] Uscita casello;1;2022-11-20 07:15:00.000
Trento Centro;[1] Uscita casello;1;2022-11-20 07:10:00.000
Trento Centro;[1] Uscita casello;1;2022-11-20 07:05:00.000
Trento Centro;[1] Uscita casello;1;2022-11-20 06:10:00.000
Trento Centro;[1] Uscita casello;1;2022-11-20 01:10:00.000
Trento Centro;[1] Uscita casello;1;2022-11-20 00:50:00.000
Trento Centro;[1] Uscita casello;1;2022-11-20 00:45:00.000
Trento Centro;[1] Uscita casello;1;2022-11-19 22:25:00.000
Trento Centro;[1] Uscita casello;1;2022-11-19 22:05:00.000
Trento Centro;[1] Uscita casello;1;2022-11-19 21:10:00.000
Trento Centro;[1] Uscita casello;1;2022-11-19 20:15:00.000
Trento Centro;[1] Uscita casello;1;2022-11-19 19:40:00.000
Trento Centro;[1] Uscita casello;1;2022-11-19 19:10:00.000
Trento Centro;[1] Uscita casello;1;2022-11-19 19:05:00.000
Trento Centro;[1] Uscita casello;1;2022-11-19 18:45:00.000
Trento Centro;[1] Uscita casello;2;2022-11-19 18:30:00.000
Trento Centro;[1] Uscita casello;1;2022-11-19 18:00:00.000
Trento Centro;[1] Uscita casello;1;2022-11-19 17:35:00.000
Trento Centro;[1] Uscita casello;1;2022-11-19 17:25:00.000
Trento Centro;[1] Uscita casello;1;2022-11-19 17:10:00.000
Trento Centro;[1] Uscita casello;1;2022-11-19 16:05:00.000
Trento Centro;[1] Uscita casello;1;2022-11-19 15:40:00.000
Trento Centro;[1] Uscita casello;1;2022-11-19 15:15:00.000
Trento Centro;[1] Uscita casello;1;2022-11-19 15:00:00.000
Trento Centro;[1] Uscita casello;1;2022-11-19 14:20:00.000
Trento Centro;[1] Uscita casello;2;2022-11-19 14:05:00.000
Trento Centro;[1] Uscita casello;3;2022-11-19 14:00:00.000
Trento Centro;[1] Uscita casello;1;2022-11-19 13:40:00.000
Trento Centro;[1] Uscita casello;1;2022-11-19 13:30:00.000
Trento Centro;[1] Uscita casello;1;2022-11-19 13:20:00.000
Trento Centro;[1] Uscita casello;3;2022-11-19 13:15:00.000
Trento Centro;[1] Uscita casello;1;2022-11-19 13:05:00.000
Trento Centro;[1] Uscita casello;1;2022-11-19 13:00:00.000
Trento Centro;[1] Uscita casello;1;2022-11-19 12:55:00.000
Trento Centro;[1] Uscita casello;1;2022-11-19 12:50:00.000
Trento Centro;[1] Uscita casello;1;2022-11-19 12:45:00.000
Trento Centro;[1] Uscita casello;1;2022-11-19 09:35:00.000
Trento Centro;[1] Uscita casello;1;2022-11-19 07:30:00.000
Trento Centro;[1] Uscita casello;2;2022-11-19 01:35:00.000
Trento Centro;[1] Uscita casello;1;2022-11-19 00:55:00.000
Trento Centro;[1] Uscita casello;1;2022-11-18 23:35:00.000
Trento Centro;[1] Uscita casello;1;2022-11-18 23:20:00.000
Trento Centro;[1] Uscita casello;1;2022-11-18 22:30:00.000
Trento Centro;[1] Uscita casello;1;2022-11-18 22:00:00.000
Trento Centro;[1] Uscita casello;1;2022-11-18 21:50:00.000
Trento Centro;[1] Uscita casello;1;2022-11-18 20:50:00.000
Trento Centro;[1] Uscita casello;1;2022-11-18 20:10:00.000
Trento Centro;[1] Uscita casello;1;2022-11-18 19:45:00.000
Trento Centro;[1] Uscita casello;1;2022-11-18 19:30:00.000
Trento Centro;[1] Uscita casello;1;2022-11-18 19:20:00.000
Trento Centro;[1] Uscita casello;1;2022-11-18 19:10:00.000
Trento Centro;[1] Uscita casello;1;2022-11-18 19:05:00.000
Trento Centro;[1] Uscita casello;1;2022-11-18 19:00:00.000
Trento Centro;[1] Uscita casello;1;2022-11-18 18:55:00.000
Trento Centro;[1] Uscita casello;3;2022-11-18 18:05:00.000
Trento Centro;[1] Uscita casello;2;2022-11-18 18:00:00.000
Trento Centro;[1] Uscita casello;1;2022-11-18 17:50:00.000
Trento Centro;[1] Uscita casello;1;2022-11-18 17:45:00.000
Trento Centro;[1] Uscita casello;2;2022-11-18 17:35:00.000
Trento Centro;[1] Uscita casello;1;2022-11-18 17:30:00.000
Trento Centro;[1] Uscita casello;1;2022-11-18 17:25:00.000
Trento Centro;[1] Uscita casello;1;2022-11-18 17:15:00.000
Trento Centro;[1] Uscita casello;4;2022-11-18 17:05:00.000
Trento Centro;[1] Uscita casello;3;2022-11-18 17:00:00.000
Trento Centro;[1] Uscita casello;1;2022-11-18 16:35:00.000
Trento Centro;[1] Uscita casello;2;2022-11-18 16:25:00.000
Trento Centro;[1] Uscita casello;2;2022-11-18 15:35:00.000
Trento Centro;[1] Uscita casello;2;2022-11-18 15:25:00.000
Trento Centro;[1] Uscita casello;1;2022-11-18 14:40:00.000
Trento Centro;[1] Uscita casello;2;2022-11-18 14:25:00.000
Trento Centro;[1] Uscita casello;1;2022-11-18 14:20:00.000
Trento Centro;[1] Uscita casello;1;2022-11-18 14:05:00.000
Trento Centro;[1] Uscita casello;1;2022-11-18 14:00:00.000
Trento Centro;[1] Uscita casello;1;2022-11-18 13:55:00.000
Trento Centro;[1] Uscita casello;1;2022-11-18 13:50:00.000
Trento Centro;[1] Uscita casello;2;2022-11-18 13:45:00.000
Trento Centro;[1] Uscita casello;1;2022-11-18 13:40:00.000
Trento Centro;[1] Uscita casello;1;2022-11-18 13:35:00.000
Trento Centro;[1] Uscita casello;2;2022-11-18 13:10:00.000
Trento Centro;[1] Uscita casello;2;2022-11-18 13:05:00.000
Trento Centro;[1] Uscita casello;3;2022-11-18 13:00:00.000
Trento Centro;[1] Uscita casello;2;2022-11-18 12:50:00.000
Trento Centro;[1] Uscita casello;1;2022-11-18 12:45:00.000
Trento Centro;[1] Uscita casello;2;2022-11-18 12:40:00.000
Trento Centro;[1] Uscita casello;1;2022-11-18 12:35:00.000
Trento Centro;[1] Uscita casello;1;2022-11-18 12:25:00.000
Trento Centro;[1] Uscita casello;2;2022-11-18 12:10:00.000
Trento Centro;[1] Uscita casello;3;2022-11-18 12:05:00.000
Trento Centro;[1] Uscita casello;1;2022-11-18 12:00:00.000
Trento Centro;[1] Uscita casello;1;2022-11-18 11:25:00.000
Trento Centro;[1] Uscita casello;1;2022-11-18 11:10:00.000
Trento Centro;[1] Uscita casello;2;2022-11-18 10:50:00.000
Trento Centro;[1] Uscita casello;1;2022-11-18 10:45:00.000
Trento Centro;[1] Uscita casello;1;2022-11-18 10:30:00.000
Trento Centro;[1] Uscita casello;1;2022-11-18 10:25:00.000
Trento Centro;[1] Uscita casello;1;2022-11-18 10:20:00.000
Trento Centro;[1] Uscita casello;2;2022-11-18 10:10:00.000
Trento Centro;[1] Uscita casello;3;2022-11-18 10:00:00.000
Trento Centro;[1] Uscita casello;1;2022-11-18 09:45:00.000
Trento Centro;[1] Uscita casello;1;2022-11-18 09:20:00.000
Trento Centro;[1] Uscita casello;1;2022-11-18 09:15:00.000
Trento Centro;[1] Uscita casello;1;2022-11-18 09:10:00.000
Trento Centro;[1] Uscita casello;1;2022-11-18 07:50:00.000
Trento Centro;[1] Uscita casello;2;2022-11-18 07:25:00.000
Trento Centro;[1] Uscita casello;1;2022-11-18 06:55:00.000
Trento Centro;[1] Uscita casello;1;2022-11-18 06:45:00.000
Trento Centro;[1] Uscita casello;1;2022-11-18 06:25:00.000
Trento Centro;[1] Uscita casello;1;2022-11-18 01:20:00.000
Trento Centro;[1] Uscita casello;1;2022-11-17 23:50:00.000
Trento Centro;[1] Uscita casello;1;2022-11-17 23:45:00.000
Trento Centro;[1] Uscita casello;3;2022-11-17 22:00:00.000
Trento Centro;[1] Uscita casello;1;2022-11-17 20:55:00.000
Trento Centro;[1] Uscita casello;1;2022-11-17 19:45:00.000
Trento Centro;[1] Uscita casello;2;2022-11-17 19:10:00.000
Trento Centro;[1] Uscita casello;1;2022-11-17 19:00:00.000
Trento Centro;[1] Uscita casello;2;2022-11-17 18:55:00.000
Trento Centro;[1] Uscita casello;2;2022-11-17 18:50:00.000
Trento Centro;[1] Uscita casello;2;2022-11-17 18:45:00.000
Trento Centro;[1] Uscita casello;2;2022-11-17 18:40:00.000
Trento Centro;[1] Uscita casello;2;2022-11-17 18:10:00.000
Trento Centro;[1] Uscita casello;1;2022-11-17 18:05:00.000
Trento Centro;[1] Uscita casello;1;2022-11-17 17:50:00.000
Trento Centro;[1] Uscita casello;3;2022-11-17 17:40:00.000
Trento Centro;[1] Uscita casello;1;2022-11-17 17:25:00.000
Trento Centro;[1] Uscita casello;1;2022-11-17 17:20:00.000
Trento Centro;[1] Uscita casello;1;2022-11-17 17:10:00.000
Trento Centro;[1] Uscita casello;1;2022-11-17 17:05:00.000
Trento Centro;[1] Uscita casello;1;2022-11-17 16:25:00.000
Trento Centro;[1] Uscita casello;1;2022-11-17 16:15:00.000
Trento Centro;[1] Uscita casello;1;2022-11-17 16:05:00.000
Trento Centro;[1] Uscita casello;2;2022-11-17 15:50:00.000
Trento Centro;[1] Uscita casello;1;2022-11-17 15:30:00.000
Trento Centro;[1] Uscita casello;1;2022-11-17 15:15:00.000
Trento Centro;[1] Uscita casello;1;2022-11-17 14:55:00.000
Trento Centro;[1] Uscita casello;1;2022-11-17 14:50:00.000
Trento Centro;[1] Uscita casello;2;2022-11-17 14:20:00.000
Trento Centro;[1] Uscita casello;1;2022-11-17 14:15:00.000
Trento Centro;[1] Uscita casello;1;2022-11-17 14:10:00.000
Trento Centro;[1] Uscita casello;2;2022-11-17 14:05:00.000
Trento Centro;[1] Uscita casello;2;2022-11-17 14:00:00.000
Trento Centro;[1] Uscita casello;1;2022-11-17 13:45:00.000
Trento Centro;[1] Uscita casello;2;2022-11-17 13:40:00.000
Trento Centro;[1] Uscita casello;1;2022-11-17 13:30:00.000
Trento Centro;[1] Uscita casello;1;2022-11-17 13:25:00.000
Trento Centro;[1] Uscita casello;1;2022-11-17 13:20:00.000
Trento Centro;[1] Uscita casello;1;2022-11-17 13:15:00.000
Trento Centro;[1] Uscita casello;1;2022-11-17 13:10:00.000
Trento Centro;[1] Uscita casello;3;2022-11-17 13:05:00.000
Trento Centro;[1] Uscita casello;1;2022-11-17 13:00:00.000
Trento Centro;[1] Uscita casello;2;2022-11-17 12:55:00.000
Trento Centro;[1] Uscita casello;2;2022-11-17 12:50:00.000
Trento Centro;[1] Uscita casello;1;2022-11-17 12:35:00.000
Trento Centro;[1] Uscita casello;2;2022-11-17 12:30:00.000
Trento Centro;[1] Uscita casello;2;2022-11-17 12:25:00.000
Trento Centro;[1] Uscita casello;1;2022-11-17 12:15:00.000
Trento Centro;[1] Uscita casello;3;2022-11-17 12:00:00.000
Trento Centro;[1] Uscita casello;2;2022-11-17 11:55:00.000
Trento Centro;[1] Uscita casello;1;2022-11-17 11:40:00.000
Trento Centro;[1] Uscita casello;1;2022-11-17 11:30:00.000
Trento Centro;[1] Uscita casello;1;2022-11-17 11:15:00.000
Trento Centro;[1] Uscita casello;1;2022-11-17 10:55:00.000
Trento Centro;[1] Uscita casello;2;2022-11-17 10:25:00.000
Trento Centro;[1] Uscita casello;1;2022-11-17 10:10:00.000
Trento Centro;[1] Uscita casello;1;2022-11-17 10:05:00.000
Trento Centro;[1] Uscita casello;1;2022-11-17 09:50:00.000
Trento Centro;[1] Uscita casello;1;2022-11-17 09:40:00.000
Trento Centro;[1] Uscita casello;2;2022-11-17 09:35:00.000
Trento Centro;[1] Uscita casello;1;2022-11-17 09:20:00.000
Trento Centro;[1] Uscita casello;1;2022-11-17 09:10:00.000
Trento Centro;[1] Uscita casello;1;2022-11-17 09:05:00.000
Trento Centro;[1] Uscita casello;1;2022-11-17 09:00:00.000
Trento Centro;[1] Uscita casello;1;2022-11-17 08:35:00.000
Trento Centro;[1] Uscita casello;1;2022-11-17 08:30:00.000
Trento Centro;[1] Uscita casello;1;2022-11-17 08:15:00.000
Trento Centro;[1] Uscita casello;1;2022-11-17 07:50:00.000
Trento Centro;[1] Uscita casello;2;2022-11-17 06:50:00.000
Trento Centro;[1] Uscita casello;1;2022-11-17 06:25:00.000
Trento Centro;[1] Uscita casello;1;2022-11-17 06:00:00.000
Trento Centro;[1] Uscita casello;1;2022-11-17 03:10:00.000
Trento Centro;[1] Uscita casello;1;2022-11-17 01:00:00.000
Trento Centro;[1] Uscita casello;1;2022-11-17 00:50:00.000
Trento Centro;[1] Uscita casello;1;2022-11-17 00:25:00.000
Trento Centro;[1] Uscita casello;1;2022-11-17 00:00:00.000
Trento Centro;[1] Uscita casello;3;2022-11-16 22:00:00.000
Trento Centro;[1] Uscita casello;1;2022-11-16 20:15:00.000
Trento Centro;[1] Uscita casello;1;2022-11-16 20:10:00.000
Trento Centro;[1] Uscita casello;1;2022-11-16 19:55:00.000
Trento Centro;[1] Uscita casello;1;2022-11-16 19:20:00.000
Trento Centro;[1] Uscita casello;1;2022-11-16 19:15:00.000
Trento Centro;[1] Uscita casello;5;2022-11-16 19:05:00.000
Trento Centro;[1] Uscita casello;1;2022-11-16 19:00:00.000
Trento Centro;[1] Uscita casello;1;2022-11-16 18:55:00.000
Trento Centro;[1] Uscita casello;1;2022-11-16 18:50:00.000
Trento Centro;[1] Uscita casello;1;2022-11-16 18:35:00.000
Trento Centro;[1] Uscita casello;1;2022-11-16 18:30:00.000
Trento Centro;[1] Uscita casello;1;2022-11-16 18:20:00.000
Trento Centro;[1] Uscita casello;3;2022-11-16 18:15:00.000
Trento Centro;[1] Uscita casello;2;2022-11-16 18:10:00.000
Trento Centro;[1] Uscita casello;2;2022-11-16 18:05:00.000
Trento Centro;[1] Uscita casello;1;2022-11-16 18:00:00.000
Trento Centro;[1] Uscita casello;1;2022-11-16 17:50:00.000
Trento Centro;[1] Uscita casello;1;2022-11-16 17:45:00.000
Trento Centro;[1] Uscita casello;1;2022-11-16 17:35:00.000
Trento Centro;[1] Uscita casello;2;2022-11-16 17:20:00.000
Trento Centro;[1] Uscita casello;1;2022-11-16 17:15:00.000
Trento Centro;[1] Uscita casello;1;2022-11-16 17:10:00.000
Trento Centro;[1] Uscita casello;6;2022-11-16 17:00:00.000
Trento Centro;[1] Uscita casello;1;2022-11-16 16:05:00.000
Trento Centro;[1] Uscita casello;1;2022-11-16 15:55:00.000
Trento Centro;[1] Uscita casello;1;2022-11-16 15:50:00.000
Trento Centro;[1] Uscita casello;1;2022-11-16 15:35:00.000
Trento Centro;[1] Uscita casello;1;2022-11-16 15:30:00.000
Trento Centro;[1] Uscita casello;1;2022-11-16 14:55:00.000
Trento Centro;[1] Uscita casello;2;2022-11-16 14:50:00.000
Trento Centro;[1] Uscita casello;2;2022-11-16 14:40:00.000
Trento Centro;[1] Uscita casello;1;2022-11-16 14:30:00.000
Trento Centro;[1] Uscita casello;1;2022-11-16 14:20:00.000
Trento Centro;[1] Uscita casello;1;2022-11-16 14:15:00.000
Trento Centro;[1] Uscita casello;1;2022-11-16 14:05:00.000
Trento Centro;[1] Uscita casello;2;2022-11-16 14:00:00.000
Trento Centro;[1] Uscita casello;2;2022-11-16 13:55:00.000
Trento Centro;[1] Uscita casello;2;2022-11-16 13:25:00.000
Trento Centro;[1] Uscita casello;2;2022-11-16 13:20:00.000
Trento Centro;[1] Uscita casello;1;2022-11-16 13:15:00.000
Trento Centro;[1] Uscita casello;2;2022-11-16 13:10:00.000
Trento Centro;[1] Uscita casello;2;2022-11-16 13:05:00.000
Trento Centro;[1] Uscita casello;1;2022-11-16 13:00:00.000
Trento Centro;[1] Uscita casello;1;2022-11-16 12:55:00.000
Trento Centro;[1] Uscita casello;4;2022-11-16 12:50:00.000
Trento Centro;[1] Uscita casello;2;2022-11-16 12:45:00.000
Trento Centro;[1] Uscita casello;2;2022-11-16 12:35:00.000
Trento Centro;[1] Uscita casello;1;2022-11-16 12:25:00.000
Trento Centro;[1] Uscita casello;1;2022-11-16 12:10:00.000
Trento Centro;[1] Uscita casello;2;2022-11-16 12:05:00.000
Trento Centro;[1] Uscita casello;5;2022-11-16 12:00:00.000
Trento Centro;[1] Uscita casello;1;2022-11-16 11:55:00.000
Trento Centro;[1] Uscita casello;1;2022-11-16 11:50:00.000
Trento Centro;[1] Uscita casello;1;2022-11-16 11:45:00.000
Trento Centro;[1] Uscita casello;1;2022-11-16 11:40:00.000
Trento Centro;[1] Uscita casello;1;2022-11-16 11:35:00.000
Trento Centro;[1] Uscita casello;1;2022-11-16 10:30:00.000
Trento Centro;[1] Uscita casello;1;2022-11-16 10:25:00.000
Trento Centro;[1] Uscita casello;1;2022-11-16 10:10:00.000
Trento Centro;[1] Uscita casello;1;2022-11-16 10:00:00.000
Trento Centro;[1] Uscita casello;2;2022-11-16 09:50:00.000
Trento Centro;[1] Uscita casello;1;2022-11-16 09:40:00.000
Trento Centro;[1] Uscita casello;1;2022-11-16 09:10:00.000
Trento Centro;[1] Uscita casello;1;2022-11-16 09:05:00.000
Trento Centro;[1] Uscita casello;1;2022-11-16 08:05:00.000
Trento Centro;[1] Uscita casello;2;2022-11-16 07:15:00.000
Trento Centro;[1] Uscita casello;2;2022-11-16 07:10:00.000
Trento Centro;[1] Uscita casello;1;2022-11-16 06:50:00.000
Trento Centro;[1] Uscita casello;1;2022-11-16 05:50:00.000
Trento Centro;[1] Uscita casello;2;2022-11-16 02:10:00.000
Trento Centro;[1] Uscita casello;2;2022-11-16 01:45:00.000
Trento Centro;[1] Uscita casello;2;2022-11-16 01:30:00.000
Trento Centro;[1] Uscita casello;2;2022-11-16 01:25:00.000
Trento Centro;[1] Uscita casello;2;2022-11-16 01:20:00.000
Trento Centro;[1] Uscita casello;1;2022-11-16 01:10:00.000
Trento Centro;[1] Uscita casello;2;2022-11-16 01:05:00.000
Trento Centro;[1] Uscita casello;1;2022-11-16 01:00:00.000
Trento Centro;[1] Uscita casello;1;2022-11-16 00:10:00.000
Trento Centro;[1] Uscita casello;2;2022-11-16 00:05:00.000
Trento Centro;[1] Uscita casello;1;2022-11-15 23:55:00.000
Trento Centro;[1] Uscita casello;2;2022-11-15 23:50:00.000
Trento Centro;[1] Uscita casello;1;2022-11-15 23:40:00.000
Trento Centro;[1] Uscita casello;1;2022-11-15 23:05:00.000
Trento Centro;[1] Uscita casello;1;2022-11-15 22:15:00.000
Trento Centro;[1] Uscita casello;1;2022-11-15 20:50:00.000
Trento Centro;[1] Uscita casello;1;2022-11-15 19:25:00.000
Trento Centro;[1] Uscita casello;1;2022-11-15 19:20:00.000
Trento Centro;[1] Uscita casello;1;2022-11-15 19:15:00.000
Trento Centro;[1] Uscita casello;1;2022-11-15 19:05:00.000
Trento Centro;[1] Uscita casello;2;2022-11-15 18:45:00.000
Trento Centro;[1] Uscita casello;2;2022-11-15 18:40:00.000
Trento Centro;[1] Uscita casello;1;2022-11-15 18:30:00.000
Trento Centro;[1] Uscita casello;2;2022-11-15 18:15:00.000
Trento Centro;[1] Uscita casello;1;2022-11-15 18:10:00.000
Trento Centro;[1] Uscita casello;2;2022-11-15 17:45:00.000
Trento Centro;[1] Uscita casello;2;2022-11-15 17:40:00.000
Trento Centro;[1] Uscita casello;1;2022-11-15 17:35:00.000
Trento Centro;[1] Uscita casello;2;2022-11-15 17:25:00.000
Trento Centro;[1] Uscita casello;1;2022-11-15 17:20:00.000
Trento Centro;[1] Uscita casello;1;2022-11-15 17:15:00.000
Trento Centro;[1] Uscita casello;2;2022-11-15 17:10:00.000
Trento Centro;[1] Uscita casello;3;2022-11-15 17:00:00.000
Trento Centro;[1] Uscita casello;2;2022-11-15 16:55:00.000
Trento Centro;[1] Uscita casello;2;2022-11-15 16:45:00.000
Trento Centro;[1] Uscita casello;1;2022-11-15 16:35:00.000
Trento Centro;[1] Uscita casello;2;2022-11-15 16:30:00.000
Trento Centro;[1] Uscita casello;1;2022-11-15 16:05:00.000
Trento Centro;[1] Uscita casello;4;2022-11-15 14:05:00.000
Trento Centro;[1] Uscita casello;2;2022-11-15 14:00:00.000
Trento Centro;[1] Uscita casello;1;2022-11-15 13:55:00.000
Trento Centro;[1] Uscita casello;2;2022-11-15 13:45:00.000
Trento Centro;[1] Uscita casello;2;2022-11-15 13:40:00.000
Trento Centro;[1] Uscita casello;1;2022-11-15 13:30:00.000
Trento Centro;[1] Uscita casello;1;2022-11-15 13:20:00.000
Trento Centro;[1] Uscita casello;2;2022-11-15 13:15:00.000
Trento Centro;[1] Uscita casello;2;2022-11-15 13:10:00.000
Trento Centro;[1] Uscita casello;1;2022-11-15 13:00:00.000
Trento Centro;[1] Uscita casello;1;2022-11-15 12:55:00.000
Trento Centro;[1] Uscita casello;1;2022-11-15 12:50:00.000
Trento Centro;[1] Uscita casello;1;2022-11-15 12:45:00.000
Trento Centro;[1] Uscita casello;1;2022-11-15 12:40:00.000
Trento Centro;[1] Uscita casello;3;2022-11-15 12:35:00.000
Trento Centro;[1] Uscita casello;1;2022-11-15 12:20:00.000
Trento Centro;[1] Uscita casello;1;2022-11-15 12:15:00.000
Trento Centro;[1] Uscita casello;1;2022-11-15 12:10:00.000
Trento Centro;[1] Uscita casello;2;2022-11-15 12:05:00.000
Trento Centro;[1] Uscita casello;1;2022-11-15 11:50:00.000
Trento Centro;[1] Uscita casello;1;2022-11-15 11:45:00.000
Trento Centro;[1] Uscita casello;1;2022-11-15 11:40:00.000
Trento Centro;[1] Uscita casello;1;2022-11-15 11:35:00.000
Trento Centro;[1] Uscita casello;1;2022-11-15 11:25:00.000
Trento Centro;[1] Uscita casello;1;2022-11-15 11:10:00.000
Trento Centro;[1] Uscita casello;1;2022-11-15 11:05:00.000
Trento Centro;[1] Uscita casello;1;2022-11-15 11:00:00.000
Trento Centro;[1] Uscita casello;1;2022-11-15 10:40:00.000
Trento Centro;[1] Uscita casello;2;2022-11-15 10:30:00.000
Trento Centro;[1] Uscita casello;1;2022-11-15 10:25:00.000
Trento Centro;[1] Uscita casello;1;2022-11-15 09:45:00.000
Trento Centro;[1] Uscita casello;1;2022-11-15 09:35:00.000
Trento Centro;[1] Uscita casello;1;2022-11-15 09:20:00.000
Trento Centro;[1] Uscita casello;1;2022-11-15 09:05:00.000
Trento Centro;[1] Uscita casello;1;2022-11-15 08:55:00.000
Trento Centro;[1] Uscita casello;1;2022-11-15 08:50:00.000
Trento Centro;[1] Uscita casello;1;2022-11-15 08:45:00.000
Trento Centro;[1] Uscita casello;1;2022-11-15 07:45:00.000
Trento Centro;[1] Uscita casello;2;2022-11-15 07:15:00.000
Trento Centro;[1] Uscita casello;1;2022-11-15 07:10:00.000
Trento Centro;[1] Uscita casello;1;2022-11-15 07:05:00.000
Trento Centro;[1] Uscita casello;1;2022-11-15 06:55:00.000
Trento Centro;[1] Uscita casello;1;2022-11-15 06:50:00.000
Trento Centro;[1] Uscita casello;2;2022-11-15 06:00:00.000
Trento Centro;[1] Uscita casello;1;2022-11-15 05:45:00.000
Trento Centro;[1] Uscita casello;1;2022-11-15 01:05:00.000
Trento Centro;[1] Uscita casello;2;2022-11-15 01:00:00.000
Trento Centro;[1] Uscita casello;1;2022-11-15 00:45:00.000
Trento Centro;[1] Uscita casello;1;2022-11-14 22:05:00.000
Trento Centro;[1] Uscita casello;1;2022-11-14 22:00:00.000
Trento Centro;[1] Uscita casello;1;2022-11-14 19:50:00.000
Trento Centro;[1] Uscita casello;3;2022-11-14 19:40:00.000
Trento Centro;[1] Uscita casello;1;2022-11-14 19:10:00.000
Trento Centro;[1] Uscita casello;1;2022-11-14 19:00:00.000
Trento Centro;[1] Uscita casello;1;2022-11-14 18:50:00.000
Trento Centro;[1] Uscita casello;1;2022-11-14 18:45:00.000
Trento Centro;[1] Uscita casello;1;2022-11-14 18:40:00.000
Trento Centro;[1] Uscita casello;1;2022-11-14 18:35:00.000
Trento Centro;[1] Uscita casello;1;2022-11-14 18:30:00.000
Trento Centro;[1] Uscita casello;1;2022-11-14 18:05:00.000
Trento Centro;[1] Uscita casello;2;2022-11-14 18:00:00.000
Trento Centro;[1] Uscita casello;1;2022-11-14 17:50:00.000
Trento Centro;[1] Uscita casello;2;2022-11-14 17:35:00.000
Trento Centro;[1] Uscita casello;2;2022-11-14 17:10:00.000
Trento Centro;[1] Uscita casello;3;2022-11-14 17:05:00.000
Trento Centro;[1] Uscita casello;2;2022-11-14 17:00:00.000
Trento Centro;[1] Uscita casello;2;2022-11-14 16:45:00.000
Trento Centro;[1] Uscita casello;2;2022-11-14 16:40:00.000
Trento Centro;[1] Uscita casello;1;2022-11-14 16:10:00.000
Trento Centro;[1] Uscita casello;1;2022-11-14 16:00:00.000
Trento Centro;[1] Uscita casello;1;2022-11-14 15:15:00.000
Trento Centro;[1] Uscita casello;1;2022-11-14 15:10:00.000
Trento Centro;[1] Uscita casello;1;2022-11-14 14:45:00.000
Trento Centro;[1] Uscita casello;1;2022-11-14 14:40:00.000
Trento Centro;[1] Uscita casello;1;2022-11-14 14:20:00.000
Trento Centro;[1] Uscita casello;1;2022-11-14 14:15:00.000
Trento Centro;[1] Uscita casello;2;2022-11-14 14:10:00.000
Trento Centro;[1] Uscita casello;3;2022-11-14 14:05:00.000
Trento Centro;[1] Uscita casello;1;2022-11-14 14:00:00.000
Trento Centro;[1] Uscita casello;1;2022-11-14 13:20:00.000
Trento Centro;[1] Uscita casello;2;2022-11-14 13:05:00.000
Trento Centro;[1] Uscita casello;1;2022-11-14 13:00:00.000
Trento Centro;[1] Uscita casello;1;2022-11-14 12:55:00.000
Trento Centro;[1] Uscita casello;1;2022-11-14 12:40:00.000
Trento Centro;[1] Uscita casello;1;2022-11-14 12:30:00.000
Trento Centro;[1] Uscita casello;1;2022-11-14 12:25:00.000
Trento Centro;[1] Uscita casello;1;2022-11-14 12:20:00.000
Trento Centro;[1] Uscita casello;1;2022-11-14 12:15:00.000
Trento Centro;[1] Uscita casello;1;2022-11-14 12:10:00.000
Trento Centro;[1] Uscita casello;4;2022-11-14 12:05:00.000
Trento Centro;[1] Uscita casello;3;2022-11-14 11:20:00.000
Trento Centro;[1] Uscita casello;2;2022-11-14 11:10:00.000
Trento Centro;[1] Uscita casello;1;2022-11-14 10:35:00.000
Trento Centro;[1] Uscita casello;1;2022-11-14 10:25:00.000
Trento Centro;[1] Uscita casello;2;2022-11-14 10:20:00.000
Trento Centro;[1] Uscita casello;1;2022-11-14 10:10:00.000
Trento Centro;[1] Uscita casello;1;2022-11-14 09:35:00.000
Trento Centro;[1] Uscita casello;2;2022-11-14 09:15:00.000
Trento Centro;[1] Uscita casello;1;2022-11-14 08:55:00.000
Trento Centro;[1] Uscita casello;2;2022-11-14 08:45:00.000
Trento Centro;[1] Uscita casello;1;2022-11-14 08:35:00.000
Trento Centro;[1] Uscita casello;1;2022-11-14 08:05:00.000
Trento Centro;[1] Uscita casello;1;2022-11-14 07:05:00.000
Trento Centro;[1] Uscita casello;2;2022-11-14 06:40:00.000
Trento Centro;[1] Uscita casello;1;2022-11-14 06:15:00.000
Trento Centro;[1] Uscita casello;1;2022-11-14 06:00:00.000
Trento Centro;[1] Uscita casello;1;2022-11-14 02:40:00.000
Trento Centro;[1] Uscita casello;1;2022-11-14 01:25:00.000
Trento Centro;[1] Uscita casello;1;2022-11-14 00:50:00.000
Trento Centro;[1] Uscita casello;1;2022-11-13 22:30:00.000
Trento Centro;[1] Uscita casello;3;2022-11-13 22:00:00.000
Trento Centro;[1] Uscita casello;1;2022-11-13 21:40:00.000
Trento Centro;[1] Uscita casello;1;2022-11-13 19:35:00.000
Trento Centro;[1] Uscita casello;1;2022-11-13 19:25:00.000
Trento Centro;[1] Uscita casello;1;2022-11-13 19:20:00.000
Trento Centro;[1] Uscita casello;1;2022-11-13 19:10:00.000
Trento Centro;[1] Uscita casello;2;2022-11-13 18:55:00.000
Trento Centro;[1] Uscita casello;1;2022-11-13 18:40:00.000
Trento Centro;[1] Uscita casello;1;2022-11-13 18:05:00.000
Trento Centro;[1] Uscita casello;1;2022-11-13 18:00:00.000
Trento Centro;[1] Uscita casello;1;2022-11-13 16:55:00.000
Trento Centro;[1] Uscita casello;1;2022-11-13 15:40:00.000
Trento Centro;[1] Uscita casello;1;2022-11-13 14:10:00.000
Trento Centro;[1] Uscita casello;1;2022-11-13 14:00:00.000
Trento Centro;[1] Uscita casello;1;2022-11-13 13:10:00.000
Trento Centro;[1] Uscita casello;1;2022-11-13 13:00:00.000
Trento Centro;[1] Uscita casello;1;2022-11-13 12:55:00.000
Trento Centro;[1] Uscita casello;1;2022-11-13 12:50:00.000
Trento Centro;[1] Uscita casello;1;2022-11-13 12:45:00.000
Trento Centro;[1] Uscita casello;1;2022-11-13 12:05:00.000
Trento Centro;[1] Uscita casello;1;2022-11-13 11:55:00.000
Trento Centro;[1] Uscita casello;1;2022-11-13 11:50:00.000
Trento Centro;[1] Uscita casello;2;2022-11-13 10:35:00.000
Trento Centro;[1] Uscita casello;1;2022-11-12 20:25:00.000
Trento Centro;[1] Uscita casello;1;2022-11-12 19:15:00.000
Trento Centro;[1] Uscita casello;2;2022-11-12 19:05:00.000
Trento Centro;[1] Uscita casello;1;2022-11-12 18:35:00.000
Trento Centro;[1] Uscita casello;1;2022-11-12 18:20:00.000
Trento Centro;[1] Uscita casello;1;2022-11-12 18:00:00.000
Trento Centro;[1] Uscita casello;1;2022-11-12 17:40:00.000
Trento Centro;[1] Uscita casello;1;2022-11-12 15:00:00.000
Trento Centro;[1] Uscita casello;1;2022-11-12 14:30:00.000
Trento Centro;[1] Uscita casello;1;2022-11-12 14:25:00.000
Trento Centro;[1] Uscita casello;1;2022-11-12 13:15:00.000
Trento Centro;[1] Uscita casello;1;2022-11-12 12:55:00.000
Trento Centro;[1] Uscita casello;1;2022-11-12 09:45:00.000
Trento Centro;[1] Uscita casello;1;2022-11-12 09:35:00.000
Trento Centro;[1] Uscita casello;1;2022-11-12 08:00:00.000
Trento Centro;[1] Uscita casello;2;2022-11-12 06:50:00.000
Trento Centro;[1] Uscita casello;1;2022-11-12 03:10:00.000
Trento Centro;[1] Uscita casello;4;2022-11-12 00:00:00.000
Trento Centro;[1] Uscita casello;1;2022-11-11 23:05:00.000
Trento Centro;[1] Uscita casello;1;2022-11-11 22:40:00.000
Trento Centro;[1] Uscita casello;1;2022-11-11 22:05:00.000
Trento Centro;[1] Uscita casello;1;2022-11-11 22:00:00.000
Trento Centro;[1] Uscita casello;1;2022-11-11 21:50:00.000
Trento Centro;[1] Uscita casello;2;2022-11-11 20:10:00.000
Trento Centro;[1] Uscita casello;1;2022-11-11 19:45:00.000
Trento Centro;[1] Uscita casello;1;2022-11-11 19:30:00.000
Trento Centro;[1] Uscita casello;2;2022-11-11 19:20:00.000
Trento Centro;[1] Uscita casello;1;2022-11-11 19:15:00.000
Trento Centro;[1] Uscita casello;1;2022-11-11 19:10:00.000
Trento Centro;[1] Uscita casello;1;2022-11-11 19:05:00.000
Trento Centro;[1] Uscita casello;2;2022-11-11 19:00:00.000
Trento Centro;[1] Uscita casello;1;2022-11-11 18:50:00.000
Trento Centro;[1] Uscita casello;1;2022-11-11 18:45:00.000
Trento Centro;[1] Uscita casello;1;2022-11-11 18:25:00.000
Trento Centro;[1] Uscita casello;1;2022-11-11 18:20:00.000
Trento Centro;[1] Uscita casello;4;2022-11-11 18:15:00.000
Trento Centro;[1] Uscita casello;1;2022-11-11 18:10:00.000
Trento Centro;[1] Uscita casello;1;2022-11-11 18:05:00.000
Trento Centro;[1] Uscita casello;1;2022-11-11 17:50:00.000
Trento Centro;[1] Uscita casello;2;2022-11-11 17:45:00.000
Trento Centro;[1] Uscita casello;1;2022-11-11 16:15:00.000
Trento Centro;[1] Uscita casello;1;2022-11-11 16:05:00.000
Trento Centro;[1] Uscita casello;1;2022-11-11 16:00:00.000
Trento Centro;[1] Uscita casello;2;2022-11-11 15:50:00.000
Trento Centro;[1] Uscita casello;1;2022-11-11 15:40:00.000
Trento Centro;[1] Uscita casello;2;2022-11-11 15:30:00.000
Trento Centro;[1] Uscita casello;3;2022-11-11 15:10:00.000
Trento Centro;[1] Uscita casello;2;2022-11-11 14:45:00.000
Trento Centro;[1] Uscita casello;1;2022-11-11 14:25:00.000
Trento Centro;[1] Uscita casello;1;2022-11-11 14:20:00.000
Trento Centro;[1] Uscita casello;2;2022-11-11 14:15:00.000
Trento Centro;[1] Uscita casello;2;2022-11-11 14:05:00.000
Trento Centro;[1] Uscita casello;1;2022-11-11 13:40:00.000
Trento Centro;[1] Uscita casello;3;2022-11-11 13:35:00.000
Trento Centro;[1] Uscita casello;1;2022-11-11 13:30:00.000
Trento Centro;[1] Uscita casello;1;2022-11-11 13:25:00.000
Trento Centro;[1] Uscita casello;1;2022-11-11 13:20:00.000
Trento Centro;[1] Uscita casello;1;2022-11-11 13:15:00.000
Trento Centro;[1] Uscita casello;2;2022-11-11 13:10:00.000
Trento Centro;[1] Uscita casello;2;2022-11-11 13:00:00.000
Trento Centro;[1] Uscita casello;3;2022-11-11 12:55:00.000
Trento Centro;[1] Uscita casello;2;2022-11-11 12:50:00.000
Trento Centro;[1] Uscita casello;3;2022-11-11 12:45:00.000
Trento Centro;[1] Uscita casello;3;2022-11-11 12:40:00.000
Trento Centro;[1] Uscita casello;1;2022-11-11 12:30:00.000
Trento Centro;[1] Uscita casello;1;2022-11-11 10:00:00.000
Trento Centro;[1] Uscita casello;1;2022-11-11 09:15:00.000
Trento Centro;[1] Uscita casello;1;2022-11-11 08:15:00.000
Trento Centro;[1] Uscita casello;1;2022-11-11 07:20:00.000
Trento Centro;[1] Uscita casello;1;2022-11-11 06:50:00.000
Trento Centro;[1] Uscita casello;1;2022-11-11 06:05:00.000
Trento Centro;[1] Uscita casello;1;2022-11-11 06:00:00.000
Trento Centro;[1] Uscita casello;1;2022-11-11 02:10:00.000
Trento Centro;[1] Uscita casello;1;2022-11-11 01:50:00.000
Trento Centro;[1] Uscita casello;2;2022-11-11 01:00:00.000
Trento Centro;[1] Uscita casello;1;2022-11-11 00:55:00.000
Trento Centro;[1] Uscita casello;2;2022-11-10 23:20:00.000
Trento Centro;[1] Uscita casello;1;2022-11-10 22:20:00.000
Trento Centro;[1] Uscita casello;2;2022-11-10 22:15:00.000
Trento Centro;[1] Uscita casello;2;2022-11-10 21:50:00.000
Trento Centro;[1] Uscita casello;1;2022-11-10 21:00:00.000
Trento Centro;[1] Uscita casello;1;2022-11-10 19:45:00.000
Trento Centro;[1] Uscita casello;1;2022-11-10 19:20:00.000
Trento Centro;[1] Uscita casello;3;2022-11-10 19:10:00.000
Trento Centro;[1] Uscita casello;2;2022-11-10 18:45:00.000
Trento Centro;[1] Uscita casello;2;2022-11-10 18:40:00.000
Trento Centro;[1] Uscita casello;2;2022-11-10 18:35:00.000
Trento Centro;[1] Uscita casello;3;2022-11-10 18:20:00.000
Trento Centro;[1] Uscita casello;1;2022-11-10 18:05:00.000
Trento Centro;[1] Uscita casello;1;2022-11-10 17:55:00.000
Trento Centro;[1] Uscita casello;3;2022-11-10 17:50:00.000
Trento Centro;[1] Uscita casello;1;2022-11-10 17:45:00.000
Trento Centro;[1] Uscita casello;2;2022-11-10 17:35:00.000
Trento Centro;[1] Uscita casello;1;2022-11-10 17:25:00.000
Trento Centro;[1] Uscita casello;3;2022-11-10 17:15:00.000
Trento Centro;[1] Uscita casello;1;2022-11-10 17:10:00.000
Trento Centro;[1] Uscita casello;1;2022-11-10 17:05:00.000
Trento Centro;[1] Uscita casello;1;2022-11-10 17:00:00.000
Trento Centro;[1] Uscita casello;2;2022-11-10 16:15:00.000
Trento Centro;[1] Uscita casello;2;2022-11-10 16:05:00.000
Trento Centro;[1] Uscita casello;1;2022-11-10 15:50:00.000
Trento Centro;[1] Uscita casello;2;2022-11-10 15:40:00.000
Trento Centro;[1] Uscita casello;1;2022-11-10 15:35:00.000
Trento Centro;[1] Uscita casello;1;2022-11-10 15:30:00.000
Trento Centro;[1] Uscita casello;1;2022-11-10 15:15:00.000
Trento Centro;[1] Uscita casello;2;2022-11-10 15:05:00.000
Trento Centro;[1] Uscita casello;3;2022-11-10 14:55:00.000
Trento Centro;[1] Uscita casello;1;2022-11-10 14:20:00.000
Trento Centro;[1] Uscita casello;1;2022-11-10 14:10:00.000
Trento Centro;[1] Uscita casello;1;2022-11-10 14:05:00.000
Trento Centro;[1] Uscita casello;4;2022-11-10 14:00:00.000
Trento Centro;[1] Uscita casello;2;2022-11-10 13:45:00.000
Trento Centro;[1] Uscita casello;1;2022-11-10 13:30:00.000
Trento Centro;[1] Uscita casello;1;2022-11-10 13:20:00.000
Trento Centro;[1] Uscita casello;1;2022-11-10 13:05:00.000
Trento Centro;[1] Uscita casello;3;2022-11-10 13:00:00.000
Trento Centro;[1] Uscita casello;2;2022-11-10 12:55:00.000
Trento Centro;[1] Uscita casello;1;2022-11-10 12:50:00.000
Trento Centro;[1] Uscita casello;2;2022-11-10 12:45:00.000
Trento Centro;[1] Uscita casello;1;2022-11-10 12:40:00.000
Trento Centro;[1] Uscita casello;1;2022-11-10 12:30:00.000
Trento Centro;[1] Uscita casello;1;2022-11-10 12:20:00.000
Trento Centro;[1] Uscita casello;1;2022-11-10 12:05:00.000
Trento Centro;[1] Uscita casello;4;2022-11-10 12:00:00.000
Trento Centro;[1] Uscita casello;1;2022-11-10 11:50:00.000
Trento Centro;[1] Uscita casello;2;2022-11-10 11:40:00.000
Trento Centro;[1] Uscita casello;2;2022-11-10 11:35:00.000
Trento Centro;[1] Uscita casello;1;2022-11-10 11:30:00.000
Trento Centro;[1] Uscita casello;1;2022-11-10 10:50:00.000
Trento Centro;[1] Uscita casello;1;2022-11-10 10:25:00.000
Trento Centro;[1] Uscita casello;1;2022-11-10 10:15:00.000
Trento Centro;[1] Uscita casello;2;2022-11-10 09:30:00.000
Trento Centro;[1] Uscita casello;1;2022-11-10 09:20:00.000
Trento Centro;[1] Uscita casello;1;2022-11-10 09:10:00.000
Trento Centro;[1] Uscita casello;2;2022-11-10 09:00:00.000
Trento Centro;[1] Uscita casello;1;2022-11-10 08:55:00.000
Trento Centro;[1] Uscita casello;1;2022-11-10 08:45:00.000
Trento Centro;[1] Uscita casello;1;2022-11-10 08:40:00.000
Trento Centro;[1] Uscita casello;1;2022-11-10 08:35:00.000
Trento Centro;[1] Uscita casello;1;2022-11-10 08:30:00.000
Trento Centro;[1] Uscita casello;1;2022-11-10 08:25:00.000
Trento Centro;[1] Uscita casello;2;2022-11-10 07:20:00.000
Trento Centro;[1] Uscita casello;2;2022-11-10 07:05:00.000
Trento Centro;[1] Uscita casello;2;2022-11-10 06:00:00.000
Trento Centro;[1] Uscita casello;1;2022-11-10 01:20:00.000
Trento Centro;[1] Uscita casello;1;2022-11-10 01:15:00.000
Trento Centro;[1] Uscita casello;1;2022-11-10 00:40:00.000
Trento Centro;[1] Uscita casello;1;2022-11-09 23:00:00.000
Trento Centro;[1] Uscita casello;1;2022-11-09 22:10:00.000
Trento Centro;[1] Uscita casello;2;2022-11-09 22:05:00.000
Trento Centro;[1] Uscita casello;1;2022-11-09 20:35:00.000
Trento Centro;[1] Uscita casello;1;2022-11-09 20:15:00.000
Trento Centro;[1] Uscita casello;1;2022-11-09 20:05:00.000
Trento Centro;[1] Uscita casello;1;2022-11-09 19:40:00.000
Trento Centro;[1] Uscita casello;1;2022-11-09 19:30:00.000
Trento Centro;[1] Uscita casello;1;2022-11-09 19:25:00.000
Trento Centro;[1] Uscita casello;1;2022-11-09 19:05:00.000
Trento Centro;[1] Uscita casello;1;2022-11-09 19:00:00.000
Trento Centro;[1] Uscita casello;1;2022-11-09 18:55:00.000
Trento Centro;[1] Uscita casello;1;2022-11-09 18:35:00.000
Trento Centro;[1] Uscita casello;2;2022-11-09 18:25:00.000
Trento Centro;[1] Uscita casello;1;2022-11-09 18:15:00.000
Trento Centro;[1] Uscita casello;2;2022-11-09 18:10:00.000
Trento Centro;[1] Uscita casello;2;2022-11-09 18:00:00.000
Trento Centro;[1] Uscita casello;1;2022-11-09 17:45:00.000
Trento Centro;[1] Uscita casello;2;2022-11-09 17:35:00.000
Trento Centro;[1] Uscita casello;1;2022-11-09 17:30:00.000
Trento Centro;[1] Uscita casello;1;2022-11-09 17:20:00.000
Trento Centro;[1] Uscita casello;1;2022-11-09 17:15:00.000
Trento Centro;[1] Uscita casello;3;2022-11-09 17:00:00.000
Trento Centro;[1] Uscita casello;2;2022-11-09 16:35:00.000
Trento Centro;[1] Uscita casello;2;2022-11-09 16:25:00.000
Trento Centro;[1] Uscita casello;1;2022-11-09 16:15:00.000
Trento Centro;[1] Uscita casello;1;2022-11-09 16:10:00.000
Trento Centro;[1] Uscita casello;1;2022-11-09 16:05:00.000
Trento Centro;[1] Uscita casello;1;2022-11-09 16:00:00.000
Trento Centro;[1] Uscita casello;1;2022-11-09 15:45:00.000
Trento Centro;[1] Uscita casello;1;2022-11-09 15:40:00.000
Trento Centro;[1] Uscita casello;2;2022-11-09 15:20:00.000
Trento Centro;[1] Uscita casello;1;2022-11-09 15:10:00.000
Trento Centro;[1] Uscita casello;1;2022-11-09 15:05:00.000
Trento Centro;[1] Uscita casello;3;2022-11-09 15:00:00.000
Trento Centro;[1] Uscita casello;1;2022-11-09 14:50:00.000
Trento Centro;[1] Uscita casello;1;2022-11-09 14:30:00.000
Trento Centro;[1] Uscita casello;3;2022-11-09 14:25:00.000
Trento Centro;[1] Uscita casello;3;2022-11-09 14:20:00.000
Trento Centro;[1] Uscita casello;2;2022-11-09 14:15:00.000
Trento Centro;[1] Uscita casello;3;2022-11-09 14:10:00.000
Trento Centro;[1] Uscita casello;1;2022-11-09 13:55:00.000
Trento Centro;[1] Uscita casello;3;2022-11-09 13:35:00.000
Trento Centro;[1] Uscita casello;2;2022-11-09 13:30:00.000
Trento Centro;[1] Uscita casello;1;2022-11-09 13:20:00.000
Trento Centro;[1] Uscita casello;1;2022-11-09 13:15:00.000
Trento Centro;[1] Uscita casello;3;2022-11-09 13:05:00.000
Trento Centro;[1] Uscita casello;3;2022-11-09 13:00:00.000
Trento Centro;[1] Uscita casello;1;2022-11-09 12:40:00.000
Trento Centro;[1] Uscita casello;1;2022-11-09 12:35:00.000
Trento Centro;[1] Uscita casello;1;2022-11-09 12:25:00.000
Trento Centro;[1] Uscita casello;1;2022-11-09 12:20:00.000
Trento Centro;[1] Uscita casello;1;2022-11-09 12:15:00.000
Trento Centro;[1] Uscita casello;1;2022-11-09 12:10:00.000
Trento Centro;[1] Uscita casello;2;2022-11-09 12:05:00.000
Trento Centro;[1] Uscita casello;1;2022-11-09 12:00:00.000
Trento Centro;[1] Uscita casello;1;2022-11-09 11:55:00.000
Trento Centro;[1] Uscita casello;2;2022-11-09 11:45:00.000
Trento Centro;[1] Uscita casello;1;2022-11-09 11:40:00.000
Trento Centro;[1] Uscita casello;1;2022-11-09 11:30:00.000
Trento Centro;[1] Uscita casello;1;2022-11-09 11:25:00.000
Trento Centro;[1] Uscita casello;1;2022-11-09 11:20:00.000
Trento Centro;[1] Uscita casello;1;2022-11-09 10:50:00.000
Trento Centro;[1] Uscita casello;1;2022-11-09 10:15:00.000
Trento Centro;[1] Uscita casello;1;2022-11-09 09:55:00.000
Trento Centro;[1] Uscita casello;1;2022-11-09 09:25:00.000
Trento Centro;[1] Uscita casello;1;2022-11-09 09:10:00.000
Trento Centro;[1] Uscita casello;1;2022-11-09 09:05:00.000
Trento Centro;[1] Uscita casello;1;2022-11-09 08:55:00.000
Trento Centro;[1] Uscita casello;2;2022-11-09 08:40:00.000
Trento Centro;[1] Uscita casello;1;2022-11-09 07:30:00.000
Trento Centro;[1] Uscita casello;1;2022-11-09 06:50:00.000
Trento Centro;[1] Uscita casello;2;2022-11-09 06:45:00.000
Trento Centro;[1] Uscita casello;2;2022-11-09 06:00:00.000
Trento Centro;[1] Uscita casello;2;2022-11-09 01:25:00.000
Trento Centro;[1] Uscita casello;1;2022-11-09 00:55:00.000
Trento Centro;[1] Uscita casello;1;2022-11-08 23:10:00.000
Trento Centro;[1] Uscita casello;1;2022-11-08 22:05:00.000
Trento Centro;[1] Uscita casello;4;2022-11-08 22:00:00.000
Trento Centro;[1] Uscita casello;1;2022-11-08 19:20:00.000
Trento Centro;[1] Uscita casello;1;2022-11-08 19:15:00.000
Trento Centro;[1] Uscita casello;2;2022-11-08 19:00:00.000
Trento Centro;[1] Uscita casello;1;2022-11-08 18:45:00.000
Trento Centro;[1] Uscita casello;1;2022-11-08 18:35:00.000
Trento Centro;[1] Uscita casello;1;2022-11-08 18:30:00.000
Trento Centro;[1] Uscita casello;3;2022-11-08 18:25:00.000
Trento Centro;[1] Uscita casello;1;2022-11-08 18:20:00.000
Trento Centro;[1] Uscita casello;3;2022-11-08 18:10:00.000
Trento Centro;[1] Uscita casello;1;2022-11-08 18:00:00.000
Trento Centro;[1] Uscita casello;2;2022-11-08 17:55:00.000
Trento Centro;[1] Uscita casello;1;2022-11-08 17:50:00.000
Trento Centro;[1] Uscita casello;2;2022-11-08 17:45:00.000
Trento Centro;[1] Uscita casello;3;2022-11-08 17:35:00.000
Trento Centro;[1] Uscita casello;1;2022-11-08 17:30:00.000
Trento Centro;[1] Uscita casello;1;2022-11-08 17:25:00.000
Trento Centro;[1] Uscita casello;1;2022-11-08 17:20:00.000
Trento Centro;[1] Uscita casello;4;2022-11-08 17:10:00.000
Trento Centro;[1] Uscita casello;2;2022-11-08 17:05:00.000
Trento Centro;[1] Uscita casello;1;2022-11-08 16:35:00.000
Trento Centro;[1] Uscita casello;1;2022-11-08 16:05:00.000
Trento Centro;[1] Uscita casello;1;2022-11-08 16:00:00.000
Trento Centro;[1] Uscita casello;1;2022-11-08 15:50:00.000
Trento Centro;[1] Uscita casello;1;2022-11-08 15:40:00.000
Trento Centro;[1] Uscita casello;2;2022-11-08 15:10:00.000
Trento Centro;[1] Uscita casello;1;2022-11-08 15:05:00.000
Trento Centro;[1] Uscita casello;1;2022-11-08 15:00:00.000
Trento Centro;[1] Uscita casello;1;2022-11-08 14:55:00.000
Trento Centro;[1] Uscita casello;1;2022-11-08 14:45:00.000
Trento Centro;[1] Uscita casello;2;2022-11-08 14:30:00.000
Trento Centro;[1] Uscita casello;1;2022-11-08 14:25:00.000
Trento Centro;[1] Uscita casello;1;2022-11-08 14:20:00.000
Trento Centro;[1] Uscita casello;1;2022-11-08 14:15:00.000
Trento Centro;[1] Uscita casello;1;2022-11-08 14:05:00.000
Trento Centro;[1] Uscita casello;5;2022-11-08 14:00:00.000
Trento Centro;[1] Uscita casello;3;2022-11-08 13:55:00.000
Trento Centro;[1] Uscita casello;1;2022-11-08 13:50:00.000
Trento Centro;[1] Uscita casello;3;2022-11-08 13:35:00.000
Trento Centro;[1] Uscita casello;1;2022-11-08 13:25:00.000
Trento Centro;[1] Uscita casello;1;2022-11-08 13:20:00.000
Trento Centro;[1] Uscita casello;1;2022-11-08 13:10:00.000
Trento Centro;[1] Uscita casello;2;2022-11-08 13:05:00.000
Trento Centro;[1] Uscita casello;4;2022-11-08 13:00:00.000
Trento Centro;[1] Uscita casello;1;2022-11-08 12:50:00.000
Trento Centro;[1] Uscita casello;1;2022-11-08 12:25:00.000
Trento Centro;[1] Uscita casello;2;2022-11-08 12:20:00.000
Trento Centro;[1] Uscita casello;4;2022-11-08 12:05:00.000
Trento Centro;[1] Uscita casello;1;2022-11-08 12:00:00.000
Trento Centro;[1] Uscita casello;1;2022-11-08 11:25:00.000
Trento Centro;[1] Uscita casello;2;2022-11-08 11:10:00.000
Trento Centro;[1] Uscita casello;1;2022-11-08 11:05:00.000
Trento Centro;[1] Uscita casello;1;2022-11-08 11:00:00.000
Trento Centro;[1] Uscita casello;1;2022-11-08 10:50:00.000
Trento Centro;[1] Uscita casello;1;2022-11-08 10:40:00.000
Trento Centro;[1] Uscita casello;1;2022-11-08 10:35:00.000
Trento Centro;[1] Uscita casello;2;2022-11-08 10:30:00.000
Trento Centro;[1] Uscita casello;1;2022-11-08 10:25:00.000
Trento Centro;[1] Uscita casello;1;2022-11-08 10:20:00.000
Trento Centro;[1] Uscita casello;1;2022-11-08 10:15:00.000
Trento Centro;[1] Uscita casello;1;2022-11-08 10:10:00.000
Trento Centro;[1] Uscita casello;1;2022-11-08 10:00:00.000
Trento Centro;[1] Uscita casello;1;2022-11-08 09:50:00.000
Trento Centro;[1] Uscita casello;1;2022-11-08 09:45:00.000
Trento Centro;[1] Uscita casello;1;2022-11-08 09:00:00.000
Trento Centro;[1] Uscita casello;1;2022-11-08 08:55:00.000
Trento Centro;[1] Uscita casello;1;2022-11-08 08:40:00.000
Trento Centro;[1] Uscita casello;1;2022-11-08 08:15:00.000
Trento Centro;[1] Uscita casello;3;2022-11-08 07:00:00.000
Trento Centro;[1] Uscita casello;1;2022-11-08 06:55:00.000
Trento Centro;[1] Uscita casello;1;2022-11-08 06:20:00.000
Trento Centro;[1] Uscita casello;2;2022-11-08 06:00:00.000
Trento Centro;[1] Uscita casello;1;2022-11-08 05:30:00.000
Trento Centro;[1] Uscita casello;1;2022-11-08 04:40:00.000
Trento Centro;[1] Uscita casello;1;2022-11-08 01:05:00.000
Trento Centro;[1] Uscita casello;1;2022-11-08 01:00:00.000
Trento Centro;[1] Uscita casello;1;2022-11-08 00:55:00.000
Trento Centro;[1] Uscita casello;2;2022-11-07 22:05:00.000
Trento Centro;[1] Uscita casello;1;2022-11-07 22:00:00.000
Trento Centro;[1] Uscita casello;1;2022-11-07 19:30:00.000
Trento Centro;[1] Uscita casello;1;2022-11-07 19:05:00.000
Trento Centro;[1] Uscita casello;2;2022-11-07 18:55:00.000
Trento Centro;[1] Uscita casello;2;2022-11-07 18:45:00.000
Trento Centro;[1] Uscita casello;1;2022-11-07 18:25:00.000
Trento Centro;[1] Uscita casello;2;2022-11-07 18:00:00.000
Trento Centro;[1] Uscita casello;3;2022-11-07 17:50:00.000
Trento Centro;[1] Uscita casello;3;2022-11-07 17:45:00.000
Trento Centro;[1] Uscita casello;1;2022-11-07 17:40:00.000
Trento Centro;[1] Uscita casello;2;2022-11-07 17:35:00.000
Trento Centro;[1] Uscita casello;1;2022-11-07 17:30:00.000
Trento Centro;[1] Uscita casello;1;2022-11-07 17:25:00.000
Trento Centro;[1] Uscita casello;4;2022-11-07 17:10:00.000
Trento Centro;[1] Uscita casello;2;2022-11-07 17:05:00.000
Trento Centro;[1] Uscita casello;2;2022-11-07 17:00:00.000
Trento Centro;[1] Uscita casello;2;2022-11-07 16:55:00.000
Trento Centro;[1] Uscita casello;1;2022-11-07 16:30:00.000
Trento Centro;[1] Uscita casello;1;2022-11-07 16:25:00.000
Trento Centro;[1] Uscita casello;1;2022-11-07 15:55:00.000
Trento Centro;[1] Uscita casello;1;2022-11-07 15:20:00.000
Trento Centro;[1] Uscita casello;1;2022-11-07 15:15:00.000
Trento Centro;[1] Uscita casello;1;2022-11-07 15:10:00.000
Trento Centro;[1] Uscita casello;1;2022-11-07 14:55:00.000
Trento Centro;[1] Uscita casello;1;2022-11-07 14:50:00.000
Trento Centro;[1] Uscita casello;1;2022-11-07 14:40:00.000
Trento Centro;[1] Uscita casello;1;2022-11-07 14:30:00.000
Trento Centro;[1] Uscita casello;3;2022-11-07 14:05:00.000
Trento Centro;[1] Uscita casello;3;2022-11-07 14:00:00.000
Trento Centro;[1] Uscita casello;1;2022-11-07 13:50:00.000
Trento Centro;[1] Uscita casello;2;2022-11-07 13:40:00.000
Trento Centro;[1] Uscita casello;1;2022-11-07 13:30:00.000
Trento Centro;[1] Uscita casello;2;2022-11-07 13:25:00.000
Trento Centro;[1] Uscita casello;3;2022-11-07 13:20:00.000
Trento Centro;[1] Uscita casello;1;2022-11-07 13:15:00.000
Trento Centro;[1] Uscita casello;3;2022-11-07 13:10:00.000
Trento Centro;[1] Uscita casello;3;2022-11-07 13:05:00.000
Trento Centro;[1] Uscita casello;2;2022-11-07 12:50:00.000
Trento Centro;[1] Uscita casello;2;2022-11-07 12:40:00.000
Trento Centro;[1] Uscita casello;1;2022-11-07 12:35:00.000
Trento Centro;[1] Uscita casello;1;2022-11-07 12:30:00.000
Trento Centro;[1] Uscita casello;1;2022-11-07 12:25:00.000
Trento Centro;[1] Uscita casello;1;2022-11-07 12:15:00.000
Trento Centro;[1] Uscita casello;1;2022-11-07 12:05:00.000
Trento Centro;[1] Uscita casello;1;2022-11-07 12:00:00.000
Trento Centro;[1] Uscita casello;1;2022-11-07 11:55:00.000
Trento Centro;[1] Uscita casello;2;2022-11-07 11:25:00.000
Trento Centro;[1] Uscita casello;1;2022-11-07 11:10:00.000
Trento Centro;[1] Uscita casello;2;2022-11-07 11:05:00.000
Trento Centro;[1] Uscita casello;1;2022-11-07 10:55:00.000
Trento Centro;[1] Uscita casello;1;2022-11-07 10:25:00.000
Trento Centro;[1] Uscita casello;1;2022-11-07 10:20:00.000
Trento Centro;[1] Uscita casello;1;2022-11-07 10:15:00.000
Trento Centro;[1] Uscita casello;2;2022-11-07 09:40:00.000
Trento Centro;[1] Uscita casello;2;2022-11-07 09:35:00.000
Trento Centro;[1] Uscita casello;2;2022-11-07 09:20:00.000
Trento Centro;[1] Uscita casello;1;2022-11-07 09:00:00.000
Trento Centro;[1] Uscita casello;1;2022-11-07 08:55:00.000
Trento Centro;[1] Uscita casello;1;2022-11-07 08:50:00.000
Trento Centro;[1] Uscita casello;1;2022-11-07 08:40:00.000
Trento Centro;[1] Uscita casello;1;2022-11-07 08:30:00.000
Trento Centro;[1] Uscita casello;1;2022-11-07 07:45:00.000
Trento Centro;[1] Uscita casello;3;2022-11-07 07:10:00.000
Trento Centro;[1] Uscita casello;1;2022-11-07 07:05:00.000
Trento Centro;[1] Uscita casello;1;2022-11-06 16:05:00.000
Trento Centro;[1] Uscita casello;1;2022-11-06 14:50:00.000
Trento Centro;[1] Uscita casello;1;2022-11-06 14:05:00.000
Trento Centro;[1] Uscita casello;3;2022-11-06 14:00:00.000
Trento Centro;[1] Uscita casello;3;2022-11-06 13:10:00.000
Trento Centro;[1] Uscita casello;1;2022-11-06 13:05:00.000
Trento Centro;[1] Uscita casello;2;2022-11-06 13:00:00.000
Trento Centro;[1] Uscita casello;1;2022-11-06 12:55:00.000
Trento Centro;[1] Uscita casello;1;2022-11-06 12:50:00.000
Trento Centro;[1] Uscita casello;1;2022-11-06 12:45:00.000
Trento Centro;[1] Uscita casello;2;2022-11-06 12:40:00.000
Trento Centro;[1] Uscita casello;1;2022-11-06 12:30:00.000
Trento Centro;[1] Uscita casello;1;2022-11-06 12:05:00.000
Trento Centro;[1] Uscita casello;1;2022-11-06 11:45:00.000
Trento Centro;[1] Uscita casello;1;2022-11-06 11:35:00.000
Trento Centro;[1] Uscita casello;1;2022-11-06 11:05:00.000
Trento Centro;[1] Uscita casello;1;2022-11-06 10:15:00.000
Trento Centro;[1] Uscita casello;2;2022-11-06 09:20:00.000
Trento Centro;[1] Uscita casello;1;2022-11-06 09:10:00.000
Trento Centro;[1] Uscita casello;1;2022-11-06 09:05:00.000
Trento Centro;[1] Uscita casello;1;2022-11-06 09:00:00.000
Trento Centro;[1] Uscita casello;1;2022-11-06 08:20:00.000
Trento Centro;[1] Uscita casello;1;2022-11-06 07:50:00.000
Trento Centro;[1] Uscita casello;1;2022-11-06 07:35:00.000
Trento Centro;[1] Uscita casello;2;2022-11-06 07:30:00.000
Trento Centro;[1] Uscita casello;1;2022-11-06 07:00:00.000
Trento Centro;[1] Uscita casello;1;2022-11-06 06:00:00.000
Trento Centro;[1] Uscita casello;1;2022-11-06 05:45:00.000
Trento Centro;[1] Uscita casello;1;2022-11-06 01:25:00.000
Trento Centro;[1] Uscita casello;1;2022-11-06 01:15:00.000
Trento Centro;[1] Uscita casello;1;2022-11-06 00:55:00.000
Trento Centro;[1] Uscita casello;2;2022-11-06 00:50:00.000
Trento Centro;[1] Uscita casello;1;2022-11-06 00:10:00.000
Trento Centro;[1] Uscita casello;1;2022-11-05 22:10:00.000
Trento Centro;[1] Uscita casello;2;2022-11-05 22:00:00.000
Trento Centro;[1] Uscita casello;1;2022-11-05 21:30:00.000
Trento Centro;[1] Uscita casello;1;2022-11-05 21:00:00.000
Trento Centro;[1] Uscita casello;1;2022-11-05 20:20:00.000
Trento Centro;[1] Uscita casello;2;2022-11-05 20:15:00.000
Trento Centro;[1] Uscita casello;1;2022-11-05 19:55:00.000
Trento Centro;[1] Uscita casello;1;2022-11-05 19:45:00.000
Trento Centro;[1] Uscita casello;2;2022-11-05 19:15:00.000
Trento Centro;[1] Uscita casello;1;2022-11-05 18:45:00.000
Trento Centro;[1] Uscita casello;1;2022-11-05 18:40:00.000
Trento Centro;[1] Uscita casello;1;2022-11-05 18:15:00.000
Trento Centro;[1] Uscita casello;1;2022-11-05 18:00:00.000
Trento Centro;[1] Uscita casello;1;2022-11-05 17:55:00.000
Trento Centro;[1] Uscita casello;1;2022-11-05 17:35:00.000
Trento Centro;[1] Uscita casello;1;2022-11-05 17:30:00.000
Trento Centro;[1] Uscita casello;1;2022-11-05 17:25:00.000
Trento Centro;[1] Uscita casello;1;2022-11-05 16:15:00.000
Trento Centro;[1] Uscita casello;1;2022-11-05 15:30:00.000
Trento Centro;[1] Uscita casello;1;2022-11-05 15:25:00.000
Trento Centro;[1] Uscita casello;1;2022-11-05 15:10:00.000
Trento Centro;[1] Uscita casello;1;2022-11-05 15:05:00.000
Trento Centro;[1] Uscita casello;1;2022-11-05 15:00:00.000
Trento Centro;[1] Uscita casello;1;2022-11-05 14:20:00.000
Trento Centro;[1] Uscita casello;1;2022-11-05 14:15:00.000
Trento Centro;[1] Uscita casello;3;2022-11-05 14:00:00.000
Trento Centro;[1] Uscita casello;1;2022-11-05 13:40:00.000
Trento Centro;[1] Uscita casello;1;2022-11-05 13:30:00.000
Trento Centro;[1] Uscita casello;1;2022-11-05 13:25:00.000
Trento Centro;[1] Uscita casello;1;2022-11-05 13:10:00.000
Trento Centro;[1] Uscita casello;2;2022-11-05 12:55:00.000
Trento Centro;[1] Uscita casello;1;2022-11-05 12:50:00.000
Trento Centro;[1] Uscita casello;3;2022-11-05 12:45:00.000
Trento Centro;[1] Uscita casello;1;2022-11-05 12:40:00.000
Trento Centro;[1] Uscita casello;1;2022-11-05 11:45:00.000
Trento Centro;[1] Uscita casello;1;2022-11-05 11:30:00.000
Trento Centro;[1] Uscita casello;1;2022-11-05 11:15:00.000
Trento Centro;[1] Uscita casello;1;2022-11-05 10:50:00.000
Trento Centro;[1] Uscita casello;1;2022-11-05 10:40:00.000
Trento Centro;[1] Uscita casello;1;2022-11-05 10:35:00.000
Trento Centro;[1] Uscita casello;1;2022-11-05 10:30:00.000
Trento Centro;[1] Uscita casello;1;2022-11-05 10:15:00.000
Trento Centro;[1] Uscita casello;1;2022-11-05 09:50:00.000
Trento Centro;[1] Uscita casello;1;2022-11-05 09:35:00.000
Trento Centro;[1] Uscita casello;1;2022-11-05 08:45:00.000
Trento Centro;[1] Uscita casello;1;2022-11-05 06:55:00.000
Trento Centro;[1] Uscita casello;1;2022-11-05 06:45:00.000
Trento Centro;[1] Uscita casello;1;2022-11-05 05:35:00.000
Trento Centro;[1] Uscita casello;1;2022-11-05 01:15:00.000
Trento Centro;[1] Uscita casello;1;2022-11-05 00:40:00.000
Trento Centro;[1] Uscita casello;1;2022-11-05 00:25:00.000
Trento Centro;[1] Uscita casello;1;2022-11-04 22:15:00.000
Trento Centro;[1] Uscita casello;4;2022-11-04 22:00:00.000
Trento Centro;[1] Uscita casello;2;2022-11-04 21:50:00.000
Trento Centro;[1] Uscita casello;1;2022-11-04 20:25:00.000
Trento Centro;[1] Uscita casello;1;2022-11-04 19:50:00.000
Trento Centro;[1] Uscita casello;1;2022-11-04 19:30:00.000
Trento Centro;[1] Uscita casello;2;2022-11-04 19:25:00.000
Trento Centro;[1] Uscita casello;2;2022-11-04 19:20:00.000
Trento Centro;[1] Uscita casello;1;2022-11-04 19:15:00.000
Trento Centro;[1] Uscita casello;1;2022-11-04 19:10:00.000
Trento Centro;[1] Uscita casello;1;2022-11-04 19:00:00.000
Trento Centro;[1] Uscita casello;2;2022-11-04 18:35:00.000
Trento Centro;[1] Uscita casello;1;2022-11-04 18:20:00.000
Trento Centro;[1] Uscita casello;1;2022-11-04 18:15:00.000
Trento Centro;[1] Uscita casello;1;2022-11-04 18:05:00.000
Trento Centro;[1] Uscita casello;1;2022-11-04 18:00:00.000
Trento Centro;[1] Uscita casello;1;2022-11-04 17:40:00.000
Trento Centro;[1] Uscita casello;2;2022-11-04 17:35:00.000
Trento Centro;[1] Uscita casello;2;2022-11-04 17:30:00.000
Trento Centro;[1] Uscita casello;3;2022-11-04 17:10:00.000
Trento Centro;[1] Uscita casello;4;2022-11-04 17:05:00.000
Trento Centro;[1] Uscita casello;2;2022-11-04 17:00:00.000
Trento Centro;[1] Uscita casello;1;2022-11-04 16:35:00.000
Trento Centro;[1] Uscita casello;2;2022-11-04 15:55:00.000
Trento Centro;[1] Uscita casello;1;2022-11-04 15:50:00.000
Trento Centro;[1] Uscita casello;2;2022-11-04 15:45:00.000
Trento Centro;[1] Uscita casello;1;2022-11-04 15:30:00.000
Trento Centro;[1] Uscita casello;1;2022-11-04 15:25:00.000
Trento Centro;[1] Uscita casello;1;2022-11-04 15:05:00.000
Trento Centro;[1] Uscita casello;2;2022-11-04 14:15:00.000
Trento Centro;[1] Uscita casello;2;2022-11-04 14:05:00.000
Trento Centro;[1] Uscita casello;2;2022-11-04 14:00:00.000
Trento Centro;[1] Uscita casello;1;2022-11-04 13:40:00.000
Trento Centro;[1] Uscita casello;3;2022-11-04 13:35:00.000
Trento Centro;[1] Uscita casello;1;2022-11-04 13:30:00.000
Trento Centro;[1] Uscita casello;1;2022-11-04 13:20:00.000
Trento Centro;[1] Uscita casello;1;2022-11-04 13:15:00.000
Trento Centro;[1] Uscita casello;1;2022-11-04 13:05:00.000
Trento Centro;[1] Uscita casello;4;2022-11-04 13:00:00.000
Trento Centro;[1] Uscita casello;1;2022-11-04 12:55:00.000
Trento Centro;[1] Uscita casello;2;2022-11-04 12:50:00.000
Trento Centro;[1] Uscita casello;3;2022-11-04 12:45:00.000
Trento Centro;[1] Uscita casello;2;2022-11-04 12:35:00.000
Trento Centro;[1] Uscita casello;1;2022-11-04 12:30:00.000
Trento Centro;[1] Uscita casello;1;2022-11-04 12:25:00.000
Trento Centro;[1] Uscita casello;1;2022-11-04 12:20:00.000
Trento Centro;[1] Uscita casello;3;2022-11-04 12:10:00.000
Trento Centro;[1] Uscita casello;1;2022-11-04 12:00:00.000
Trento Centro;[1] Uscita casello;1;2022-11-04 11:40:00.000
Trento Centro;[1] Uscita casello;1;2022-11-04 11:30:00.000
Trento Centro;[1] Uscita casello;1;2022-11-04 11:25:00.000
Trento Centro;[1] Uscita casello;2;2022-11-04 11:15:00.000
Trento Centro;[1] Uscita casello;1;2022-11-04 11:05:00.000
Trento Centro;[1] Uscita casello;2;2022-11-04 11:00:00.000
Trento Centro;[1] Uscita casello;1;2022-11-04 10:55:00.000
Trento Centro;[1] Uscita casello;1;2022-11-04 10:35:00.000
Trento Centro;[1] Uscita casello;2;2022-11-04 09:50:00.000
Trento Centro;[1] Uscita casello;3;2022-11-04 09:45:00.000
Trento Centro;[1] Uscita casello;1;2022-11-04 09:40:00.000
Trento Centro;[1] Uscita casello;2;2022-11-04 09:15:00.000
Trento Centro;[1] Uscita casello;1;2022-11-04 09:05:00.000
Trento Centro;[1] Uscita casello;1;2022-11-04 08:35:00.000
Trento Centro;[1] Uscita casello;1;2022-11-04 08:00:00.000
Trento Centro;[1] Uscita casello;1;2022-11-04 07:40:00.000
Trento Centro;[1] Uscita casello;1;2022-11-04 07:35:00.000
Trento Centro;[1] Uscita casello;1;2022-11-04 07:30:00.000
Trento Centro;[1] Uscita casello;1;2022-11-04 07:05:00.000
Trento Centro;[1] Uscita casello;1;2022-11-04 07:00:00.000
Trento Centro;[1] Uscita casello;1;2022-11-04 06:40:00.000
Trento Centro;[1] Uscita casello;1;2022-11-04 06:00:00.000
Trento Centro;[1] Uscita casello;1;2022-11-04 01:30:00.000
Trento Centro;[1] Uscita casello;1;2022-11-04 01:25:00.000
Trento Centro;[1] Uscita casello;1;2022-11-04 01:20:00.000
Trento Centro;[1] Uscita casello;1;2022-11-04 00:50:00.000
Trento Centro;[1] Uscita casello;1;2022-11-03 22:05:00.000
Trento Centro;[1] Uscita casello;2;2022-11-03 22:00:00.000
Trento Centro;[1] Uscita casello;1;2022-11-03 20:30:00.000
Trento Centro;[1] Uscita casello;1;2022-11-03 19:25:00.000
Trento Centro;[1] Uscita casello;2;2022-11-03 19:15:00.000
Trento Centro;[1] Uscita casello;1;2022-11-03 19:10:00.000
Trento Centro;[1] Uscita casello;1;2022-11-03 19:00:00.000
Trento Centro;[1] Uscita casello;2;2022-11-03 18:40:00.000
Trento Centro;[1] Uscita casello;1;2022-11-03 18:35:00.000
Trento Centro;[1] Uscita casello;1;2022-11-03 18:30:00.000
Trento Centro;[1] Uscita casello;1;2022-11-03 18:20:00.000
Trento Centro;[1] Uscita casello;2;2022-11-03 18:10:00.000
Trento Centro;[1] Uscita casello;2;2022-11-03 18:05:00.000
Trento Centro;[1] Uscita casello;1;2022-11-03 18:00:00.000
Trento Centro;[1] Uscita casello;1;2022-11-03 17:45:00.000
Trento Centro;[1] Uscita casello;1;2022-11-03 17:40:00.000
Trento Centro;[1] Uscita casello;1;2022-11-03 17:35:00.000
Trento Centro;[1] Uscita casello;1;2022-11-03 17:30:00.000
Trento Centro;[1] Uscita casello;3;2022-11-03 17:15:00.000
Trento Centro;[1] Uscita casello;1;2022-11-03 17:10:00.000
Trento Centro;[1] Uscita casello;2;2022-11-03 17:00:00.000
Trento Centro;[1] Uscita casello;1;2022-11-03 16:30:00.000
Trento Centro;[1] Uscita casello;1;2022-11-03 16:25:00.000
Trento Centro;[1] Uscita casello;1;2022-11-03 16:20:00.000
Trento Centro;[1] Uscita casello;1;2022-11-03 16:05:00.000
Trento Centro;[1] Uscita casello;1;2022-11-03 15:50:00.000
Trento Centro;[1] Uscita casello;2;2022-11-03 15:40:00.000
Trento Centro;[1] Uscita casello;1;2022-11-03 15:20:00.000
Trento Centro;[1] Uscita casello;1;2022-11-03 15:10:00.000
Trento Centro;[1] Uscita casello;2;2022-11-03 15:05:00.000
Trento Centro;[1] Uscita casello;1;2022-11-03 14:50:00.000
Trento Centro;[1] Uscita casello;1;2022-11-03 14:35:00.000
Trento Centro;[1] Uscita casello;1;2022-11-03 14:20:00.000
Trento Centro;[1] Uscita casello;1;2022-11-03 14:15:00.000
Trento Centro;[1] Uscita casello;1;2022-11-03 14:05:00.000
Trento Centro;[1] Uscita casello;1;2022-11-03 14:00:00.000
Trento Centro;[1] Uscita casello;1;2022-11-03 13:30:00.000
Trento Centro;[1] Uscita casello;1;2022-11-03 13:25:00.000
Trento Centro;[1] Uscita casello;2;2022-11-03 13:15:00.000
Trento Centro;[1] Uscita casello;3;2022-11-03 13:10:00.000
Trento Centro;[1] Uscita casello;2;2022-11-03 13:05:00.000
Trento Centro;[1] Uscita casello;3;2022-11-03 13:00:00.000
Trento Centro;[1] Uscita casello;3;2022-11-03 12:40:00.000
Trento Centro;[1] Uscita casello;1;2022-11-03 12:35:00.000
Trento Centro;[1] Uscita casello;3;2022-11-03 12:30:00.000
Trento Centro;[1] Uscita casello;1;2022-11-03 12:25:00.000
Trento Centro;[1] Uscita casello;1;2022-11-03 12:20:00.000
Trento Centro;[1] Uscita casello;1;2022-11-03 12:15:00.000
Trento Centro;[1] Uscita casello;2;2022-11-03 12:05:00.000
Trento Centro;[1] Uscita casello;2;2022-11-03 12:00:00.000
Trento Centro;[1] Uscita casello;1;2022-11-03 11:55:00.000
Trento Centro;[1] Uscita casello;1;2022-11-03 11:50:00.000
Trento Centro;[1] Uscita casello;1;2022-11-03 11:35:00.000
Trento Centro;[1] Uscita casello;1;2022-11-03 10:50:00.000
Trento Centro;[1] Uscita casello;2;2022-11-03 10:30:00.000
Trento Centro;[1] Uscita casello;1;2022-11-03 10:20:00.000
Trento Centro;[1] Uscita casello;1;2022-11-03 10:15:00.000
Trento Centro;[1] Uscita casello;2;2022-11-03 10:10:00.000
Trento Centro;[1] Uscita casello;1;2022-11-03 10:00:00.000
Trento Centro;[1] Uscita casello;1;2022-11-03 09:40:00.000
Trento Centro;[1] Uscita casello;1;2022-11-03 09:35:00.000
Trento Centro;[1] Uscita casello;1;2022-11-03 09:00:00.000
Trento Centro;[1] Uscita casello;1;2022-11-03 08:35:00.000
Trento Centro;[1] Uscita casello;1;2022-11-03 08:15:00.000
Trento Centro;[1] Uscita casello;2;2022-11-03 07:55:00.000
Trento Centro;[1] Uscita casello;1;2022-11-03 07:30:00.000
Trento Centro;[1] Uscita casello;2;2022-11-03 07:25:00.000
Trento Centro;[1] Uscita casello;1;2022-11-03 07:20:00.000
Trento Centro;[1] Uscita casello;1;2022-11-03 07:00:00.000
Trento Centro;[1] Uscita casello;2;2022-11-03 06:00:00.000
Trento Centro;[1] Uscita casello;1;2022-11-03 02:20:00.000
Trento Centro;[1] Uscita casello;1;2022-11-03 02:15:00.000
Trento Centro;[1] Uscita casello;1;2022-11-03 02:00:00.000
Trento Centro;[1] Uscita casello;1;2022-11-03 00:40:00.000
Trento Centro;[1] Uscita casello;2;2022-11-02 22:40:00.000
Trento Centro;[1] Uscita casello;1;2022-11-02 22:35:00.000
Trento Centro;[1] Uscita casello;1;2022-11-02 22:25:00.000
Trento Centro;[1] Uscita casello;1;2022-11-02 22:05:00.000
Trento Centro;[1] Uscita casello;2;2022-11-02 22:00:00.000
Trento Centro;[1] Uscita casello;1;2022-11-02 20:15:00.000
Trento Centro;[1] Uscita casello;1;2022-11-02 19:25:00.000
Trento Centro;[1] Uscita casello;1;2022-11-02 19:05:00.000
Trento Centro;[1] Uscita casello;1;2022-11-02 18:05:00.000
Trento Centro;[1] Uscita casello;1;2022-11-02 17:50:00.000
Trento Centro;[1] Uscita casello;2;2022-11-02 17:35:00.000
Trento Centro;[1] Uscita casello;1;2022-11-02 17:15:00.000
Trento Centro;[1] Uscita casello;1;2022-11-02 16:50:00.000
Trento Centro;[1] Uscita casello;2;2022-11-02 16:30:00.000
Trento Centro;[1] Uscita casello;2;2022-11-02 16:25:00.000
Trento Centro;[1] Uscita casello;1;2022-11-02 16:10:00.000
Trento Centro;[1] Uscita casello;1;2022-11-02 15:55:00.000
Trento Centro;[1] Uscita casello;1;2022-11-02 15:35:00.000
Trento Centro;[1] Uscita casello;2;2022-11-02 15:25:00.000
Trento Centro;[1] Uscita casello;1;2022-11-02 15:20:00.000
Trento Centro;[1] Uscita casello;1;2022-11-02 15:10:00.000
Trento Centro;[1] Uscita casello;1;2022-11-02 14:55:00.000
Trento Centro;[1] Uscita casello;1;2022-11-02 14:35:00.000
Trento Centro;[1] Uscita casello;1;2022-11-02 14:15:00.000
Trento Centro;[1] Uscita casello;1;2022-11-02 14:05:00.000
Trento Centro;[1] Uscita casello;4;2022-11-02 14:00:00.000
Trento Centro;[1] Uscita casello;1;2022-11-02 13:40:00.000
Trento Centro;[1] Uscita casello;1;2022-11-02 13:35:00.000
Trento Centro;[1] Uscita casello;1;2022-11-02 13:20:00.000
Trento Centro;[1] Uscita casello;1;2022-11-02 13:15:00.000
Trento Centro;[1] Uscita casello;5;2022-11-02 13:10:00.000
Trento Centro;[1] Uscita casello;2;2022-11-02 13:05:00.000
Trento Centro;[1] Uscita casello;1;2022-11-02 13:00:00.000
Trento Centro;[1] Uscita casello;3;2022-11-02 12:55:00.000
Trento Centro;[1] Uscita casello;4;2022-11-02 12:50:00.000
Trento Centro;[1] Uscita casello;2;2022-11-02 12:35:00.000
Trento Centro;[1] Uscita casello;1;2022-11-02 12:25:00.000
Trento Centro;[1] Uscita casello;1;2022-11-02 12:10:00.000
Trento Centro;[1] Uscita casello;1;2022-11-02 12:05:00.000
Trento Centro;[1] Uscita casello;1;2022-11-02 12:00:00.000
Trento Centro;[1] Uscita casello;1;2022-11-02 11:50:00.000
Trento Centro;[1] Uscita casello;1;2022-11-02 11:25:00.000
Trento Centro;[1] Uscita casello;1;2022-11-02 11:15:00.000
Trento Centro;[1] Uscita casello;3;2022-11-02 10:55:00.000
Trento Centro;[1] Uscita casello;1;2022-11-02 10:35:00.000
Trento Centro;[1] Uscita casello;1;2022-11-02 10:20:00.000
Trento Centro;[1] Uscita casello;1;2022-11-02 10:15:00.000
Trento Centro;[1] Uscita casello;1;2022-11-02 10:10:00.000
Trento Centro;[1] Uscita casello;1;2022-11-02 10:00:00.000
Trento Centro;[1] Uscita casello;3;2022-11-02 09:55:00.000
Trento Centro;[1] Uscita casello;1;2022-11-02 08:15:00.000
Trento Centro;[1] Uscita casello;1;2022-11-02 07:00:00.000
Trento Centro;[1] Uscita casello;2;2022-11-02 06:50:00.000
Trento Centro;[1] Uscita casello;1;2022-11-02 06:30:00.000
Trento Centro;[1] Uscita casello;1;2022-11-02 06:25:00.000
Trento Centro;[1] Uscita casello;1;2022-11-02 06:20:00.000
Trento Centro;[1] Uscita casello;1;2022-11-02 06:10:00.000
Trento Centro;[1] Uscita casello;1;2022-11-02 06:05:00.000
Trento Centro;[1] Uscita casello;1;2022-11-01 22:05:00.000
Trento Centro;[1] Uscita casello;1;2022-11-01 22:00:00.000
Trento Centro;[1] Uscita casello;1;2022-11-01 20:50:00.000
Trento Centro;[1] Uscita casello;1;2022-11-01 20:35:00.000
Trento Centro;[1] Uscita casello;1;2022-11-01 20:30:00.000
Trento Centro;[1] Uscita casello;1;2022-11-01 20:20:00.000
Trento Centro;[1] Uscita casello;1;2022-11-01 20:10:00.000
Trento Centro;[1] Uscita casello;1;2022-11-01 19:35:00.000
Trento Centro;[1] Uscita casello;1;2022-11-01 19:20:00.000
Trento Centro;[1] Uscita casello;1;2022-11-01 19:15:00.000
Trento Centro;[1] Uscita casello;1;2022-11-01 19:10:00.000
Trento Centro;[1] Uscita casello;1;2022-11-01 19:05:00.000
Trento Centro;[1] Uscita casello;1;2022-11-01 19:00:00.000
Trento Centro;[1] Uscita casello;1;2022-11-01 18:55:00.000
Trento Centro;[1] Uscita casello;1;2022-11-01 18:40:00.000
Trento Centro;[1] Uscita casello;1;2022-11-01 18:05:00.000
Trento Centro;[1] Uscita casello;1;2022-11-01 17:55:00.000
Trento Centro;[1] Uscita casello;1;2022-11-01 17:50:00.000
Trento Centro;[1] Uscita casello;2;2022-11-01 17:30:00.000
Trento Centro;[1] Uscita casello;1;2022-11-01 17:15:00.000
Trento Centro;[1] Uscita casello;1;2022-11-01 17:00:00.000
Trento Centro;[1] Uscita casello;2;2022-11-01 16:45:00.000
Trento Centro;[1] Uscita casello;1;2022-11-01 16:15:00.000
Trento Centro;[1] Uscita casello;1;2022-11-01 16:05:00.000
Trento Centro;[1] Uscita casello;1;2022-11-01 15:40:00.000
Trento Centro;[1] Uscita casello;1;2022-11-01 15:00:00.000
Trento Centro;[1] Uscita casello;1;2022-11-01 14:55:00.000
Trento Centro;[1] Uscita casello;1;2022-11-01 14:35:00.000
Trento Centro;[1] Uscita casello;2;2022-11-01 14:00:00.000
Trento Centro;[1] Uscita casello;2;2022-11-01 13:55:00.000
Trento Centro;[1] Uscita casello;2;2022-11-01 13:15:00.000
Trento Centro;[1] Uscita casello;1;2022-11-01 13:10:00.000
Trento Centro;[1] Uscita casello;2;2022-11-01 13:05:00.000
Trento Centro;[1] Uscita casello;3;2022-11-01 12:45:00.000
Trento Centro;[1] Uscita casello;1;2022-11-01 12:40:00.000
Trento Centro;[1] Uscita casello;1;2022-11-01 12:35:00.000
Trento Centro;[1] Uscita casello;1;2022-11-01 12:25:00.000
Trento Centro;[1] Uscita casello;1;2022-11-01 12:15:00.000
Trento Centro;[1] Uscita casello;1;2022-11-01 12:05:00.000
Trento Centro;[1] Uscita casello;1;2022-11-01 12:00:00.000
Trento Centro;[1] Uscita casello;3;2022-11-01 11:35:00.000
Trento Centro;[1] Uscita casello;2;2022-11-01 11:15:00.000
Trento Centro;[1] Uscita casello;1;2022-11-01 11:10:00.000
Trento Centro;[1] Uscita casello;1;2022-11-01 10:55:00.000
Trento Centro;[1] Uscita casello;1;2022-11-01 10:25:00.000
Trento Centro;[1] Uscita casello;2;2022-11-01 10:20:00.000
Trento Centro;[1] Uscita casello;1;2022-11-01 10:15:00.000
Trento Centro;[1] Uscita casello;2;2022-11-01 10:05:00.000
Trento Centro;[1] Uscita casello;1;2022-11-01 09:10:00.000
Trento Centro;[1] Uscita casello;2;2022-11-01 07:35:00.000
Trento Centro;[1] Uscita casello;1;2022-11-01 07:20:00.000
Trento Centro;[1] Uscita casello;1;2022-11-01 07:10:00.000
Trento Centro;[1] Uscita casello;1;2022-11-01 06:50:00.000
Trento Centro;[1] Uscita casello;1;2022-11-01 06:05:00.000
Trento Centro;[1] Uscita casello;1;2022-11-01 04:15:00.000
Trento Centro;[1] Uscita casello;3;2022-11-01 02:05:00.000
Trento Centro;[1] Uscita casello;1;2022-11-01 01:35:00.000
Trento Centro;[1] Uscita casello;1;2022-11-01 01:10:00.000
Trento Centro;[1] Uscita casello;1;2022-11-01 01:05:00.000
Trento Centro;[1] Uscita casello;1;2022-11-01 00:55:00.000
Trento Centro;[1] Uscita casello;1;2022-11-01 00:45:00.000
Trento Centro;[1] Uscita casello;1;2022-10-31 23:10:00.000
Trento Centro;[1] Uscita casello;1;2022-10-31 22:45:00.000
Trento Centro;[1] Uscita casello;1;2022-10-31 22:10:00.000
Trento Centro;[1] Uscita casello;1;2022-10-31 21:50:00.000
Trento Centro;[1] Uscita casello;1;2022-10-31 19:15:00.000
Trento Centro;[1] Uscita casello;1;2022-10-31 19:10:00.000
Trento Centro;[1] Uscita casello;1;2022-10-31 19:00:00.000
Trento Centro;[1] Uscita casello;1;2022-10-31 18:50:00.000
Trento Centro;[1] Uscita casello;1;2022-10-31 18:20:00.000
Trento Centro;[1] Uscita casello;1;2022-10-31 18:05:00.000
Trento Centro;[1] Uscita casello;1;2022-10-31 18:00:00.000
Trento Centro;[1] Uscita casello;1;2022-10-31 17:50:00.000
Trento Centro;[1] Uscita casello;1;2022-10-31 17:40:00.000
Trento Centro;[1] Uscita casello;1;2022-10-31 17:25:00.000
Trento Centro;[1] Uscita casello;2;2022-10-31 17:15:00.000
Trento Centro;[1] Uscita casello;1;2022-10-31 17:05:00.000
Trento Centro;[1] Uscita casello;1;2022-10-31 16:50:00.000
Trento Centro;[1] Uscita casello;1;2022-10-31 16:45:00.000
Trento Centro;[1] Uscita casello;1;2022-10-31 16:30:00.000
Trento Centro;[1] Uscita casello;1;2022-10-31 16:10:00.000
Trento Centro;[1] Uscita casello;2;2022-10-31 15:35:00.000
Trento Centro;[1] Uscita casello;1;2022-10-31 15:25:00.000
Trento Centro;[1] Uscita casello;1;2022-10-31 15:20:00.000
Trento Centro;[1] Uscita casello;1;2022-10-31 15:05:00.000
Trento Centro;[1] Uscita casello;1;2022-10-31 14:55:00.000
Trento Centro;[1] Uscita casello;1;2022-10-31 14:30:00.000
Trento Centro;[1] Uscita casello;2;2022-10-31 14:00:00.000
Trento Centro;[1] Uscita casello;1;2022-10-31 13:35:00.000
Trento Centro;[1] Uscita casello;3;2022-10-31 13:15:00.000
Trento Centro;[1] Uscita casello;1;2022-10-31 13:10:00.000
Trento Centro;[1] Uscita casello;2;2022-10-31 13:05:00.000
Trento Centro;[1] Uscita casello;1;2022-10-31 12:50:00.000
Trento Centro;[1] Uscita casello;1;2022-10-31 12:35:00.000
Trento Centro;[1] Uscita casello;1;2022-10-31 12:30:00.000
Trento Centro;[1] Uscita casello;1;2022-10-31 12:20:00.000
Trento Centro;[1] Uscita casello;1;2022-10-31 12:00:00.000
Trento Centro;[1] Uscita casello;1;2022-10-31 11:55:00.000
Trento Centro;[1] Uscita casello;1;2022-10-31 11:45:00.000
Trento Centro;[1] Uscita casello;1;2022-10-31 11:40:00.000
Trento Centro;[1] Uscita casello;2;2022-10-31 11:25:00.000
Trento Centro;[1] Uscita casello;1;2022-10-31 11:10:00.000
Trento Centro;[1] Uscita casello;1;2022-10-31 11:05:00.000
Trento Centro;[1] Uscita casello;1;2022-10-31 10:55:00.000
Trento Centro;[1] Uscita casello;1;2022-10-31 10:50:00.000
Trento Centro;[1] Uscita casello;3;2022-10-31 10:45:00.000
Trento Centro;[1] Uscita casello;4;2022-10-31 10:30:00.000
Trento Centro;[1] Uscita casello;2;2022-10-31 10:25:00.000
Trento Centro;[1] Uscita casello;1;2022-10-31 10:05:00.000
Trento Centro;[1] Uscita casello;2;2022-10-31 09:55:00.000
Trento Centro;[1] Uscita casello;3;2022-10-31 09:40:00.000
Trento Centro;[1] Uscita casello;2;2022-10-31 09:30:00.000
Trento Centro;[1] Uscita casello;1;2022-10-31 08:40:00.000
Trento Centro;[1] Uscita casello;1;2022-10-31 07:30:00.000
Trento Centro;[1] Uscita casello;1;2022-10-31 07:00:00.000
Trento Centro;[1] Uscita casello;1;2022-10-31 06:20:00.000
Trento Centro;[1] Uscita casello;1;2022-10-31 06:15:00.000
Trento Centro;[1] Uscita casello;2;2022-10-31 01:00:00.000
Trento Centro;[1] Uscita casello;1;2022-10-31 00:45:00.000
Trento Centro;[1] Uscita casello;1;2022-10-31 00:20:00.000
Trento Centro;[1] Uscita casello;1;2022-10-31 00:00:00.000
Trento Centro;[1] Uscita casello;1;2022-10-30 22:05:00.000
Trento Centro;[1] Uscita casello;1;2022-10-30 22:00:00.000
Trento Centro;[1] Uscita casello;1;2022-10-30 21:35:00.000
Trento Centro;[1] Uscita casello;1;2022-10-30 21:15:00.000
Trento Centro;[1] Uscita casello;1;2022-10-30 20:05:00.000
Trento Centro;[1] Uscita casello;1;2022-10-30 20:00:00.000
Trento Centro;[1] Uscita casello;1;2022-10-30 19:05:00.000
Trento Centro;[1] Uscita casello;2;2022-10-30 19:00:00.000
Trento Centro;[1] Uscita casello;1;2022-10-30 18:55:00.000
Trento Centro;[1] Uscita casello;2;2022-10-30 18:40:00.000
Trento Centro;[1] Uscita casello;1;2022-10-30 18:15:00.000
Trento Centro;[1] Uscita casello;1;2022-10-30 18:10:00.000
Trento Centro;[1] Uscita casello;1;2022-10-30 17:35:00.000
Trento Centro;[1] Uscita casello;1;2022-10-30 17:20:00.000
Trento Centro;[1] Uscita casello;1;2022-10-30 17:05:00.000
Trento Centro;[1] Uscita casello;1;2022-10-30 17:00:00.000
Trento Centro;[1] Uscita casello;1;2022-10-30 16:30:00.000
Trento Centro;[1] Uscita casello;2;2022-10-30 16:00:00.000
Trento Centro;[1] Uscita casello;1;2022-10-30 15:25:00.000
Trento Centro;[1] Uscita casello;1;2022-10-30 14:50:00.000
Trento Centro;[1] Uscita casello;5;2022-10-30 14:00:00.000
Trento Centro;[1] Uscita casello;1;2022-10-30 13:55:00.000
Trento Centro;[1] Uscita casello;2;2022-10-30 13:50:00.000
Trento Centro;[1] Uscita casello;1;2022-10-30 13:15:00.000
Trento Centro;[1] Uscita casello;1;2022-10-30 13:10:00.000
Trento Centro;[1] Uscita casello;2;2022-10-30 13:05:00.000
Trento Centro;[1] Uscita casello;1;2022-10-30 12:55:00.000
Trento Centro;[1] Uscita casello;1;2022-10-30 12:45:00.000
Trento Centro;[1] Uscita casello;2;2022-10-30 12:30:00.000
Trento Centro;[1] Uscita casello;1;2022-10-30 12:20:00.000
Trento Centro;[1] Uscita casello;2;2022-10-30 12:05:00.000
Trento Centro;[1] Uscita casello;1;2022-10-30 12:00:00.000
Trento Centro;[1] Uscita casello;1;2022-10-30 11:45:00.000
Trento Centro;[1] Uscita casello;1;2022-10-30 11:40:00.000
Trento Centro;[1] Uscita casello;1;2022-10-30 11:15:00.000
Trento Centro;[1] Uscita casello;1;2022-10-30 11:00:00.000
Trento Centro;[1] Uscita casello;2;2022-10-30 10:55:00.000
Trento Centro;[1] Uscita casello;1;2022-10-30 10:50:00.000
Trento Centro;[1] Uscita casello;2;2022-10-30 10:45:00.000
Trento Centro;[1] Uscita casello;1;2022-10-30 10:40:00.000
Trento Centro;[1] Uscita casello;1;2022-10-30 10:35:00.000
Trento Centro;[1] Uscita casello;2;2022-10-30 10:30:00.000
Trento Centro;[1] Uscita casello;1;2022-10-30 10:10:00.000
Trento Centro;[1] Uscita casello;2;2022-10-30 09:50:00.000
Trento Centro;[1] Uscita casello;1;2022-10-30 09:45:00.000
Trento Centro;[1] Uscita casello;1;2022-10-30 09:40:00.000
Trento Centro;[1] Uscita casello;2;2022-10-30 09:35:00.000
Trento Centro;[1] Uscita casello;1;2022-10-30 09:30:00.000
Trento Centro;[1] Uscita casello;1;2022-10-30 09:25:00.000
Trento Centro;[1] Uscita casello;1;2022-10-30 09:20:00.000
Trento Centro;[1] Uscita casello;2;2022-10-30 09:10:00.000
Trento Centro;[1] Uscita casello;1;2022-10-30 09:00:00.000
Trento Centro;[1] Uscita casello;1;2022-10-30 08:35:00.000
Trento Centro;[1] Uscita casello;1;2022-10-30 08:30:00.000
Trento Centro;[1] Uscita casello;1;2022-10-30 08:25:00.000
Trento Centro;[1] Uscita casello;1;2022-10-30 08:10:00.000
Trento Centro;[1] Uscita casello;1;2022-10-30 08:05:00.000
Trento Centro;[1] Uscita casello;1;2022-10-30 07:45:00.000
Trento Centro;[1] Uscita casello;1;2022-10-30 07:35:00.000
Trento Centro;[1] Uscita casello;1;2022-10-30 07:15:00.000
Trento Centro;[1] Uscita casello;2;2022-10-30 07:10:00.000
Trento Centro;[1] Uscita casello;2;2022-10-30 06:45:00.000
Trento Centro;[1] Uscita casello;1;2022-10-30 06:05:00.000
Trento Centro;[1] Uscita casello;1;2022-10-30 04:50:00.000
Trento Centro;[1] Uscita casello;1;2022-10-30 03:15:00.000
Trento Centro;[1] Uscita casello;1;2022-10-30 03:10:00.000
Trento Centro;[1] Uscita casello;1;2022-10-30 02:55:00.000
Trento Centro;[1] Uscita casello;1;2022-10-30 02:10:00.000
Trento Centro;[1] Uscita casello;2;2022-10-30 01:15:00.000
Trento Centro;[1] Uscita casello;1;2022-10-30 01:10:00.000
Trento Centro;[1] Uscita casello;1;2022-10-30 00:05:00.000
Trento Centro;[1] Uscita casello;1;2022-10-29 23:50:00.000
Trento Centro;[1] Uscita casello;1;2022-10-29 23:20:00.000
Trento Centro;[1] Uscita casello;2;2022-10-29 22:05:00.000
Trento Centro;[1] Uscita casello;1;2022-10-29 22:00:00.000
Trento Centro;[1] Uscita casello;1;2022-10-29 21:45:00.000
Trento Centro;[1] Uscita casello;1;2022-10-29 21:40:00.000
Trento Centro;[1] Uscita casello;1;2022-10-29 21:00:00.000
Trento Centro;[1] Uscita casello;1;2022-10-29 20:45:00.000
Trento Centro;[1] Uscita casello;1;2022-10-29 20:20:00.000
Trento Centro;[1] Uscita casello;1;2022-10-29 20:10:00.000
Trento Centro;[1] Uscita casello;1;2022-10-29 19:35:00.000
Trento Centro;[1] Uscita casello;2;2022-10-29 19:20:00.000
Trento Centro;[1] Uscita casello;1;2022-10-29 18:40:00.000
Trento Centro;[1] Uscita casello;1;2022-10-29 18:10:00.000
Trento Centro;[1] Uscita casello;1;2022-10-29 17:35:00.000
Trento Centro;[1] Uscita casello;1;2022-10-29 17:20:00.000
Trento Centro;[1] Uscita casello;1;2022-10-29 17:15:00.000
Trento Centro;[1] Uscita casello;2;2022-10-29 17:00:00.000
Trento Centro;[1] Uscita casello;2;2022-10-29 16:25:00.000
Trento Centro;[1] Uscita casello;1;2022-10-29 16:15:00.000
Trento Centro;[1] Uscita casello;2;2022-10-29 15:30:00.000
Trento Centro;[1] Uscita casello;1;2022-10-29 15:20:00.000
Trento Centro;[1] Uscita casello;2;2022-10-29 15:10:00.000
Trento Centro;[1] Uscita casello;1;2022-10-29 14:45:00.000
Trento Centro;[1] Uscita casello;1;2022-10-29 14:15:00.000
Trento Centro;[1] Uscita casello;1;2022-10-29 14:05:00.000
Trento Centro;[1] Uscita casello;1;2022-10-29 14:00:00.000
Trento Centro;[1] Uscita casello;1;2022-10-29 13:50:00.000
Trento Centro;[1] Uscita casello;1;2022-10-29 13:40:00.000
Trento Centro;[1] Uscita casello;1;2022-10-29 13:30:00.000
Trento Centro;[1] Uscita casello;1;2022-10-29 13:10:00.000
Trento Centro;[1] Uscita casello;1;2022-10-29 13:05:00.000
Trento Centro;[1] Uscita casello;1;2022-10-29 12:55:00.000
Trento Centro;[1] Uscita casello;1;2022-10-29 12:50:00.000
Trento Centro;[1] Uscita casello;2;2022-10-29 12:45:00.000
Trento Centro;[1] Uscita casello;2;2022-10-29 12:35:00.000
Trento Centro;[1] Uscita casello;1;2022-10-29 12:00:00.000
Trento Centro;[1] Uscita casello;2;2022-10-29 11:55:00.000
Trento Centro;[1] Uscita casello;1;2022-10-29 11:30:00.000
Trento Centro;[1] Uscita casello;2;2022-10-29 11:20:00.000
Trento Centro;[1] Uscita casello;1;2022-10-29 11:15:00.000
Trento Centro;[1] Uscita casello;1;2022-10-29 11:10:00.000
Trento Centro;[1] Uscita casello;2;2022-10-29 11:05:00.000
Trento Centro;[1] Uscita casello;1;2022-10-29 10:30:00.000
Trento Centro;[1] Uscita casello;2;2022-10-29 10:20:00.000
Trento Centro;[1] Uscita casello;1;2022-10-29 10:10:00.000
Trento Centro;[1] Uscita casello;1;2022-10-29 10:05:00.000
Trento Centro;[1] Uscita casello;1;2022-10-29 09:55:00.000
Trento Centro;[1] Uscita casello;1;2022-10-29 09:45:00.000
Trento Centro;[1] Uscita casello;1;2022-10-29 09:40:00.000
Trento Centro;[1] Uscita casello;1;2022-10-29 09:35:00.000
Trento Centro;[1] Uscita casello;1;2022-10-29 09:00:00.000
Trento Centro;[1] Uscita casello;1;2022-10-29 08:50:00.000
Trento Centro;[1] Uscita casello;1;2022-10-29 08:45:00.000
Trento Centro;[1] Uscita casello;1;2022-10-29 08:35:00.000
Trento Centro;[1] Uscita casello;1;2022-10-29 08:30:00.000
Trento Centro;[1] Uscita casello;2;2022-10-29 08:15:00.000
Trento Centro;[1] Uscita casello;1;2022-10-29 07:45:00.000
Trento Centro;[1] Uscita casello;1;2022-10-29 07:05:00.000
Trento Centro;[1] Uscita casello;3;2022-10-29 07:00:00.000
Trento Centro;[1] Uscita casello;1;2022-10-29 06:55:00.000
Trento Centro;[1] Uscita casello;1;2022-10-29 06:05:00.000
Trento Centro;[1] Uscita casello;1;2022-10-29 05:40:00.000
Trento Centro;[1] Uscita casello;1;2022-10-29 01:15:00.000
Trento Centro;[1] Uscita casello;2;2022-10-29 00:55:00.000
Trento Centro;[1] Uscita casello;1;2022-10-29 00:50:00.000
Trento Centro;[1] Uscita casello;1;2022-10-29 00:25:00.000
Trento Centro;[1] Uscita casello;1;2022-10-29 00:15:00.000
Trento Centro;[1] Uscita casello;1;2022-10-29 00:05:00.000
Trento Centro;[1] Uscita casello;4;2022-10-28 23:55:00.000
Trento Centro;[1] Uscita casello;1;2022-10-28 23:30:00.000
Trento Centro;[1] Uscita casello;1;2022-10-28 23:25:00.000
Trento Centro;[1] Uscita casello;2;2022-10-28 22:45:00.000
Trento Centro;[1] Uscita casello;2;2022-10-28 22:20:00.000
Trento Centro;[1] Uscita casello;1;2022-10-28 22:10:00.000
Trento Centro;[1] Uscita casello;1;2022-10-28 22:00:00.000
Trento Centro;[1] Uscita casello;1;2022-10-28 21:25:00.000
Trento Centro;[1] Uscita casello;1;2022-10-28 21:00:00.000
Trento Centro;[1] Uscita casello;1;2022-10-28 20:25:00.000
Trento Centro;[1] Uscita casello;1;2022-10-28 19:30:00.000
Trento Centro;[1] Uscita casello;2;2022-10-28 19:25:00.000
Trento Centro;[1] Uscita casello;1;2022-10-28 19:05:00.000
Trento Centro;[1] Uscita casello;1;2022-10-28 18:55:00.000
Trento Centro;[1] Uscita casello;1;2022-10-28 18:50:00.000
Trento Centro;[1] Uscita casello;3;2022-10-28 18:40:00.000
Trento Centro;[1] Uscita casello;3;2022-10-28 18:20:00.000
Trento Centro;[1] Uscita casello;1;2022-10-28 18:10:00.000
Trento Centro;[1] Uscita casello;2;2022-10-28 18:05:00.000
Trento Centro;[1] Uscita casello;1;2022-10-28 18:00:00.000
Trento Centro;[1] Uscita casello;1;2022-10-28 17:50:00.000
Trento Centro;[1] Uscita casello;1;2022-10-28 17:40:00.000
Trento Centro;[1] Uscita casello;2;2022-10-28 17:30:00.000
Trento Centro;[1] Uscita casello;3;2022-10-28 17:20:00.000
Trento Centro;[1] Uscita casello;2;2022-10-28 17:10:00.000
Trento Centro;[1] Uscita casello;1;2022-10-28 17:05:00.000
Trento Centro;[1] Uscita casello;2;2022-10-28 17:00:00.000
Trento Centro;[1] Uscita casello;1;2022-10-28 16:30:00.000
Trento Centro;[1] Uscita casello;1;2022-10-28 16:25:00.000
Trento Centro;[1] Uscita casello;1;2022-10-28 16:15:00.000
Trento Centro;[1] Uscita casello;1;2022-10-28 16:00:00.000
Trento Centro;[1] Uscita casello;2;2022-10-28 15:55:00.000
Trento Centro;[1] Uscita casello;2;2022-10-28 15:50:00.000
Trento Centro;[1] Uscita casello;1;2022-10-28 15:30:00.000
Trento Centro;[1] Uscita casello;1;2022-10-28 15:25:00.000
Trento Centro;[1] Uscita casello;1;2022-10-28 15:20:00.000
Trento Centro;[1] Uscita casello;2;2022-10-28 15:05:00.000
Trento Centro;[1] Uscita casello;1;2022-10-28 14:45:00.000
Trento Centro;[1] Uscita casello;1;2022-10-28 14:40:00.000
Trento Centro;[1] Uscita casello;1;2022-10-28 14:20:00.000
Trento Centro;[1] Uscita casello;2;2022-10-28 14:00:00.000
Trento Centro;[1] Uscita casello;2;2022-10-28 13:55:00.000
Trento Centro;[1] Uscita casello;1;2022-10-28 13:45:00.000
Trento Centro;[1] Uscita casello;1;2022-10-28 13:40:00.000
Trento Centro;[1] Uscita casello;1;2022-10-28 13:35:00.000
Trento Centro;[1] Uscita casello;3;2022-10-28 13:30:00.000
Trento Centro;[1] Uscita casello;1;2022-10-28 13:25:00.000
Trento Centro;[1] Uscita casello;1;2022-10-28 13:15:00.000
Trento Centro;[1] Uscita casello;2;2022-10-28 13:10:00.000
Trento Centro;[1] Uscita casello;2;2022-10-28 13:05:00.000
Trento Centro;[1] Uscita casello;5;2022-10-28 13:00:00.000
Trento Centro;[1] Uscita casello;1;2022-10-28 12:55:00.000
Trento Centro;[1] Uscita casello;1;2022-10-28 12:40:00.000
Trento Centro;[1] Uscita casello;2;2022-10-28 12:20:00.000
Trento Centro;[1] Uscita casello;1;2022-10-28 12:15:00.000
Trento Centro;[1] Uscita casello;2;2022-10-28 12:10:00.000
Trento Centro;[1] Uscita casello;2;2022-10-28 12:05:00.000
Trento Centro;[1] Uscita casello;3;2022-10-28 12:00:00.000
Trento Centro;[1] Uscita casello;1;2022-10-28 11:50:00.000
Trento Centro;[1] Uscita casello;2;2022-10-28 11:20:00.000
Trento Centro;[1] Uscita casello;1;2022-10-28 11:15:00.000
Trento Centro;[1] Uscita casello;1;2022-10-28 11:00:00.000
Trento Centro;[1] Uscita casello;1;2022-10-28 10:55:00.000
Trento Centro;[1] Uscita casello;1;2022-10-28 10:50:00.000
Trento Centro;[1] Uscita casello;2;2022-10-28 10:35:00.000
Trento Centro;[1] Uscita casello;1;2022-10-28 10:05:00.000
Trento Centro;[1] Uscita casello;1;2022-10-28 10:00:00.000
Trento Centro;[1] Uscita casello;1;2022-10-28 09:30:00.000
Trento Centro;[1] Uscita casello;1;2022-10-28 09:25:00.000
Trento Centro;[1] Uscita casello;1;2022-10-28 09:15:00.000
Trento Centro;[1] Uscita casello;1;2022-10-28 09:05:00.000
Trento Centro;[1] Uscita casello;1;2022-10-28 09:00:00.000
Trento Centro;[1] Uscita casello;1;2022-10-28 07:20:00.000
Trento Centro;[1] Uscita casello;1;2022-10-28 07:10:00.000
Trento Centro;[1] Uscita casello;2;2022-10-28 07:05:00.000
Trento Centro;[1] Uscita casello;1;2022-10-28 06:55:00.000
Trento Centro;[1] Uscita casello;2;2022-10-28 06:05:00.000
Trento Centro;[1] Uscita casello;1;2022-10-28 04:10:00.000
Trento Centro;[1] Uscita casello;1;2022-10-28 01:05:00.000
Trento Centro;[1] Uscita casello;2;2022-10-28 00:40:00.000
Trento Centro;[1] Uscita casello;2;2022-10-27 22:00:00.000
Trento Centro;[1] Uscita casello;1;2022-10-27 21:05:00.000
Trento Centro;[1] Uscita casello;1;2022-10-27 19:20:00.000
Trento Centro;[1] Uscita casello;1;2022-10-27 19:15:00.000
Trento Centro;[1] Uscita casello;2;2022-10-27 19:00:00.000
Trento Centro;[1] Uscita casello;1;2022-10-27 18:50:00.000
Trento Centro;[1] Uscita casello;2;2022-10-27 18:45:00.000
Trento Centro;[1] Uscita casello;1;2022-10-27 18:20:00.000
Trento Centro;[1] Uscita casello;1;2022-10-27 18:15:00.000
Trento Centro;[1] Uscita casello;3;2022-10-27 18:10:00.000
Trento Centro;[1] Uscita casello;3;2022-10-27 18:05:00.000
Trento Centro;[1] Uscita casello;2;2022-10-27 18:00:00.000
Trento Centro;[1] Uscita casello;1;2022-10-27 17:50:00.000
Trento Centro;[1] Uscita casello;1;2022-10-27 17:35:00.000
Trento Centro;[1] Uscita casello;1;2022-10-27 17:30:00.000
Trento Centro;[1] Uscita casello;1;2022-10-27 17:25:00.000
Trento Centro;[1] Uscita casello;2;2022-10-27 17:20:00.000
Trento Centro;[1] Uscita casello;1;2022-10-27 17:10:00.000
Trento Centro;[1] Uscita casello;2;2022-10-27 17:00:00.000
Trento Centro;[1] Uscita casello;1;2022-10-27 16:40:00.000
Trento Centro;[1] Uscita casello;1;2022-10-27 16:20:00.000
Trento Centro;[1] Uscita casello;1;2022-10-27 16:15:00.000
Trento Centro;[1] Uscita casello;1;2022-10-27 16:05:00.000
Trento Centro;[1] Uscita casello;2;2022-10-27 15:50:00.000
Trento Centro;[1] Uscita casello;1;2022-10-27 15:10:00.000
Trento Centro;[1] Uscita casello;1;2022-10-27 14:40:00.000
Trento Centro;[1] Uscita casello;2;2022-10-27 14:25:00.000
Trento Centro;[1] Uscita casello;2;2022-10-27 14:15:00.000
Trento Centro;[1] Uscita casello;1;2022-10-27 14:10:00.000
Trento Centro;[2] Entrata casello;7;2022-12-16 11:00:00.000
Trento Centro;[2] Entrata casello;2;2022-12-16 10:50:00.000
Trento Centro;[2] Entrata casello;5;2022-12-16 10:45:00.000
Trento Centro;[2] Entrata casello;1;2022-12-16 10:40:00.000
Trento Centro;[2] Entrata casello;1;2022-12-16 10:35:00.000
